id,product_id,score,comment_time,comment
9359,100011323840,1,"2020-06-01 15:25:47",噪音大小：非常大噪音
9360,100011323840,1,"2020-06-05 12:00:19",京东感觉完全没有客服服务，客服说话模棱两可，完全给不了客户任何意见，人工客服也跟机器人一样
9361,100011323840,1,"2020-06-10 09:21:38",一星都不想给啊，这个最便宜是一零四舅元。大家看看价格吧。另外说送吹风机也不送，垃圾美的
9362,100011323840,1,"2020-04-12 10:21:20",外形外观：拿到新品外边有刮花，因之前有新品互换，个人觉得应该换的也是二手的。谨慎购买
9363,100011323840,1,"2020-07-07 11:48:03",买时讲好的有赠品，后来的后来客服说送完了，送完了不早说，窝火最讨厌言而无信，联系客服了N次，竟是机器人说些没用的！
9364,100011323840,1,"2020-05-29 10:03:17",安装服务：一个破燃淋等了三天了，告诉我需要自己联系，就这还敢自称服务态度好，客服人员也是沟通起来费劲，以后在也不考虑美的&hellip;&hellip;
9365,100011323840,1,"2020-06-05 11:42:41",你们换促销换的挺溜啊，上午说打七折促销，我说办退货重新抢，你说可以。到了下午一看，7折促销没了！***逗我玩是吗？我退了也不你们的，垃圾，一点不靠谱！
9366,100011323840,1,"2020-05-29 22:50:25","恒温效果：不咋地 第一次十分钟凉一下 接着凉的就有点频繁。
安装服务：安装差得不行 我都忘了我是在京东买的了 材料费收我650，找客服，客服还说收的少，真**比意外蛋，我找干装修?连工加料才二百块钱。
没买过美的什么东西，买了之后感觉没个好东西。"
9367,100011323840,1,"2020-06-17 22:51:15",一星都多，618保价一次都没用不能申请保价，以后再也不在你家买东西了
9368,100011323840,1,"2020-07-08 09:27:00",安装的时候不在家，让师傅直接安装的。水管处理的太丑了，然后再看看邻居家海尔热水器安装的颜值，真的是一个天上一个地下
9369,100011323840,1,"2020-06-18 10:58:51","质量真的太差了 都没用过就坏了 今天早上师傅说里面的电脑板坏了 要修 我服了买了个坏的机器 真的差 自己考虑吧 半句假话天打雷劈  早知道加钱买能率个林内了 贪便宜了  下次不会选择美的的产品了！刚买就坏 也只有你了 美的"
9370,100011323840,1,"2020-06-17 22:57:17",差评，烂货一个，刚装上几天就坏了，这款最好大家别买，服务又差，货坏了，又不管，京东买的最差的一款东西，提醒大家千万别买
9371,100011323840,1,"2020-07-01 11:52:43",差评，质量差，用了一个多礼拜就坏了，每天洗着洗着就突然变冷水。跟京东说要换货，就说没货一直拖着，十几天了，只会一句在反馈，24小时回复，然后就一天天拖延，让我等他们到货，还骗我去退货，对差价只字不提，要是我不说就打算让我吃哑巴亏了
9372,100011323840,1,"2020-06-23 12:40:58",说好的赠品，毛都没有，发现京东就是**！送不起东西你就不要广告搞的那么好。垃圾。跟客服沟通一会送，一会用不送了。感觉就是我就不送了，你能拿我怎么样的感觉！*****！！如果有零星，我就给你们凭零星。以后大家买东西有优惠活动最好截图，不然京东不认账的。认账也可以反悔的，他们说了算！
9373,100011323840,1,"2020-04-12 13:00:33",产品质量有问题，体验很差，装完后才发现冷水接口处零件有裂痕，漏水！
9374,100011323840,1,"2020-06-22 21:27:59","满满的套路和坑，如果你是北方的千万不要买，说好的零冷水（升级版不用回水管都可以用）结果回来用不了.坑1。里面的循环只能用个点循环，其他的功能摆设坑2。点火声音大的要死，不知道的人以为有人骑摩托车在走廊玩呢 坑3。最坑的地方是你要用热水因为零冷水用不了，你要在那放好一会儿的水出来！热水终于出来了，舒舒服服的洗个热水吧，结果热水不能持续输出，刚冲了个头，冷水出来的（出来的毫无防备）而且是持续的出冷水！！！把热水开关调最大不管用(心里一万只***奔腾而过)！坑4。总不能每次洗澡上半场热水洗，下半场冷水洗吧！问客服有没有解决的办法，这客服你问她千百遍她都懒得理你一次！我&hellip;  美的的东西能不能吗不知道，到这款燃气热水器坚决不能买！ 买了就要做好和它斗的心里准备！五星差评&hellip;&hellip;&hellip;&hellip;"
9375,100011323840,1,"2020-06-18 16:34:58",说是黄金60秒价是*结果是套路我是33秒买的结果价格是*没有诚信
9376,100011323840,1,"2020-06-20 15:27:39","#，收费太贵,说好的不要钱收这么多劝大家不要买垃圾"
9377,100011323840,1,"2020-06-18 01:00:42",刚买几天优惠了大*，还不给补差价，我建议不要买
9378,100011323840,1,"2020-07-04 14:22:36",1星给物流，商品销售妥妥的套路，写的下单送牙刷，0点1分钟内抢购的竟然被告知赠品当天没有了，直到现在还挂着下单送牙刷，#
9379,100011323840,1,"2020-06-18 11:06:52",虚假宣传，说的前30分钟83折*，我订单时间3分44秒，不按宣传价格计算，问客服说什么以实际价格为准
9380,100011323840,1,"2020-06-08 22:32:13",差评，做活动价格和宣传价格严重不符，投诉客服也没有任何用！！！#商家！
9381,100011323840,1,"2020-06-05 15:35:41",产品缺配件，角阀，烟道还要自己买，光买配件就花了*元。安装费还收*元。发票为证。明显是买了热水器，但是缺配件，你是买也得买，不买也得买的架势
9382,100011323840,1,"2020-06-21 09:32:09",美的这款产品虚假宣传！我是6月18号前5分钟下单只要*。可实际*元。为这我觉也没睡等到12点。可恶！大家看下我发的图片。希望美的给个说法，不然我就去找消协。安装服务：小伙子安装热情。服务态度很好。
9383,100011323840,1,"2020-06-28 09:55:07",全都是套路，6.1活动是前一分钟半价，售价是*，优惠券下来价格也有*，结果只返还了750的京豆。垃圾
9384,100011323840,1,"2020-06-08 00:28:39",买了还不到一个月，五一活动降价*，还没有安装想申请退货重新拍，客服却说只支持七天无理由退货，美的真的太坑了，各位买的时候注意了！
9385,100011323840,1,"2020-03-19 11:45:25",耗能情况：非常耗燃气，一个星期*元燃气费噪音大小：声音非常大建议大家不要买这款，我家才买一个星期，耗燃气非常大，就报了两次障了。用电燃都不要这么多。还不如买电烧的。
9386,100011323840,1,"2020-06-05 11:42:41",你们换促销换的挺溜啊，上午说打七折促销，我说办退货重新抢，你说可以。到了下午一看，7折促销没了！***逗我玩是吗？我退了也不你们的，垃圾，一点不靠谱！
9387,100011323840,1,"2020-06-05 10:20:07",产品未用，质量跟价格对应。但是商家不讲信誉，说送电动牙刷，到结果6月2日确认说一件送完。到今天6月5日改了促销信息，改了优惠力度，但还是有赠送电动牙刷。商家是蒙人不打草稿还是怎地？建议那些左右摇摆的买家不要选这家热水器，到时可能会说赠品已经送完了。
9388,100011323840,1,"2020-06-01 15:25:47",噪音大小：非常大噪音
9389,100011323840,5,"2020-05-16 13:03:26",热水器的外形很简约，恒温效果很好，零冷水的打开都可以用了。噪音不是很大，出水速度很快，安装服务态度很好。
9390,100011323840,5,"2020-03-13 16:39:05",产品很好看，功能很全，质量很好，水量大，美的售后速度快，服务态度很好，进行了现场指导，收费合理，疫情期间按要求带口罩
9391,100011323840,5,"2020-03-19 22:23:42","外形外观：挑选对比了好多家的燃气热水器，最后选择了这款，美观大方，很满意。
噪音大小：开机试用，整体效果不错，噪音小，很满意。
出水速度：安装结束后特地启动试验了一下，出水速度很快，满意。
安装服务：安装工很有礼貌，安装后又细心的做了漏气测试，测试结果很好，满意。"
9392,100011323840,5,"2020-03-26 06:59:02","外形外观：外形时尚美观又大气，显示屏也大，看着心里舒服，虽然现在没有用，但是用起来效果应该很不错，很期待﹉
安装服务：师傅安装的很不错，很有耐心，预约时间提前人到现场，真的很不多，很守时，安装的服务态度也好，售后也不错，下次还会购买"
9393,100011323840,5,"2020-05-19 09:39:13","外形外观：渐变显示屏看起来很时尚、很靓丽，家人看了都很喜欢。
恒温效果：相比之前家里美的的一款老型号，出热水速度快多了，基本没有啥凉水。
噪音大小：正常燃气燃烧的声音，能接受。
出水速度：出水速度还可以，跟水压也有一点关系。
安装服务：安装很及时，打洞和燃气管收费了，总共300多点吧。"
9394,100011323840,5,"2020-03-13 21:50:08","恒温效果：非常不错！现在两个厕所可以同时用水。解决了以前最大用水问题，两个卫生间不能同时洗澡，形同虚设。
外形外观：外观也很简洁时尚，零件部件做工好，年轻人喜欢！
安装服务：服务师傅疫情期间也来安装，感谢！
噪音大小：基本没有什么噪音，很强大！
出水速度：出水也很快，喜欢他们的零冷水，这样在洗澡的过程中可以随时开关，不会冷血宝宝，全程热水！这个是最满意的！
耗能情况：能耗这个不清楚，要多使用才清楚。
总之还是很满意！促销力度也很大！"
9395,100011323840,5,"2020-05-24 15:49:53","外形外观：简约大气，屏幕够大轻易
恒温效果：效果很好。
噪音大小：可以接受，正常
出水速度：快速高效
安装服务：快速周到。基础安装不收费。
耗能情况：符合效果"
9396,100011323840,5,"2020-03-10 18:00:08","外形外观：外形美丽、幻彩大屏幕，手动操作也方便。
恒温效果：恒温效果非常好。
噪音大小：噪音也不大。
出水速度：出水速度又快又大。
安装服务：安装师傅非常负责，还耐心讲解。
耗能情况：今天刚安装起，从使用的情况看，更智能、更节能。物流也非常快，前天下单，昨天送达，今天已使用。"
9397,100011323840,5,"2020-06-28 21:06:11",热水器没有什么噪音，热水来得快，安装师傅服务态度很好也很细心，把我们所有都换啦！0安装费
9398,100011323840,5,"2020-03-15 20:09:42","外形外观：热水器非常大气上档次，很喜欢的颜色。
恒温效果：零冷水，最想要的效果，不用再等水热洗澡真舒服。
噪音大小：没什么声音。
安装服务：预约时间准时，安装师傅专业负责。"
9399,100011323840,5,"2020-05-24 15:03:03",热水器按时送到，安装师傅及时到达安装，他们很敬业，专业技术很强，操作非常闲熟，服务态度非常好，干的活干净利索。美的热水器，大品牌，质量有保障。声音不大，热的快，出水大，温度调节很方便，价格优惠，好产品！
9400,100011323840,5,"2020-06-09 20:51:49","外形外观：在外观很漂亮，屏幕渐变效果很好
噪音大小：噪音不是很小，跟以前区别不大
出水速度：出水速度挺快，零冷水很好用，再也不用接凉水了
安装服务：安装工人有点不太专业，总体还行吧
耗能情况：很省气，可以连wifi，很方便，价格也很实惠，总体来说是一款不错的热水器"
9401,100011323840,5,"2020-06-06 21:23:40","外形外观：外观大气，看着很上档次
恒温效果：恒温效果很好，不会忽冷忽热，还是零冷水，热水一开就来，没有回水管也可以
安装服务：安装0服务费，很快就安装好了，服务态度很好
关键自带wifi，远程就能开关机，调节水温，非常方便，体验数字化生活"
9402,100011323840,5,"2020-03-22 18:10:42","外形外观：非常惊艳，大气
恒温效果：水温比较稳定
噪音大小：噪音很小，基本听不到
出水速度：出水速度快，几秒水就热了
安装服务：安装师傅专业，耐心
耗能情况：能耗比较小"
9403,100011323840,5,"2020-06-20 12:11:14","外形外观：挺好看的
安装服务：安装师傅很好。 
噪音大小：还能接受。比以前坏的那个风机好多了。
恒温效果：很好
出水速度：很快。尤其是零冷水这个功能在冬天很实用。有时候突然搞忘了。水关了要很久才能出热水。"
9404,100011323840,5,"2020-06-18 15:30:56",外形还可以，看起来蛮大气的，618十二点下单，下午两点就能装，就喜欢京东自营的速度，装修的师傅服务也蛮好的，还送了两节免费的管子，等天然气安装好了再试下效果，0冷水应该不会差，这个一千多是真划算，物美价廉了，准备这套房全买一整套美的家电的。。
9405,100011323840,5,"2020-04-13 13:48:23","外形外观：外观方方正正，简单大方，非常不错的一次购物
安装服务：安装师傅尽心尽力，还教怎么使用"
9406,100011323840,5,"2020-03-24 13:44:20","安装服务：安装小哥腿脚麻利，安装完之后还给老人讲解一遍用法，态度很好
外形外观：外形大气，感觉比之前家里美的的样式好
噪音方面也小一些"
9407,100011323840,5,"2020-03-09 11:48:35","外形外观：外观漂亮，显示界面很吸引目光，紫光渐变
恒温效果：看到很多，特留意的是内置循环水泵，可以避免外加装循环泵套件，影响美观，这个是我购买的重点和美的的品牌影响力
噪音大小：暂时未投入使用，准备新房装修再安装
出水速度：这个主要是当地自来水压大小影响，这款内置水置肯定能起到一定作用的
安装服务：暂不安装，京东自营，是我购物的信念和保障基础
耗能情况：16升水箱相对大容量，能耗肯定大点，主要是使用频率和方式决定，相对的有好的使用体验才是重点
京东自营，很好的购物体验，一直优先选择京东，能买到称心如意的产品！"
9408,100011323840,5,"2020-04-14 19:06:06",安装师傅特别细心，安装免费，挺好的，大气美观，我还挺喜欢，不知道用着咋样，期待
9409,100011323840,5,"2020-06-24 13:47:57","收到很多，家里新房设计装修中，618活动先购买了，等一段时间再安装，大气上档次，与装修风格也搭配
外形外观：外观造型很好看的，
恒温效果：效果也很不错，
噪音大小：声音还可以接受，
出水速度：很好，出水也快，
安装服务：安装到时联系售后吧
耗能情况：还可以，希望一切都好用的"
9410,100011323840,5,"2020-06-02 12:06:19","外形外观：外观很不错，大屏很给力。
安装服务：师傅很专业，收费有明细。
恒温效果： 第一次用暂不做评论
噪音大小：噪音可以接受。
出水速度：水流很快，足够用。
耗能情况：第一次用暂不做评论"
9411,100011323840,5,"2020-05-04 09:00:06","恒温效果：很棒，告别忽冷忽热
出水速度：很快
外形外观：外观很大气
安装服务：安装师傅很专业，很敬业；由于急用热水器，师傅大晚上的来给安装，给师傅点赞。"
9412,100011323840,5,"2020-04-17 06:44:38","外形外观：高端大气上档次
安装服务：师傅水平高，不乱收费
出水速度：很快，水压大
耗能情况：很省电省气
噪音大小：小
恒温效果：非常好"
9413,100011323840,5,"2020-05-09 12:43:42","外形外观：外观很时尚，大屏时尚实用。
恒温效果：效果很好，基本零冷水，冲凉就不用等水热啦
噪音大小：声音非常小，很安静。
出水速度：出水速度非常快，量也大。
安装服务：安装服务美的非常好，我下订单一小时就安装售后给电话预约安排师傅安装，这个服务非常满意，。之前买美的其他产品看到服务这么好所以今次也选美的。安装师傅服务非常好，进门就带鞋套这个细节不错。安装后详细解释使用方法，特别第一次用零冷水的热水器。
耗能情况：变频的热水器确实省气，屏幕直接小时用气百分比，这样确实看到节能效果。"
9414,100011323840,5,"2020-07-06 15:23:10",外观好看，物流很快，美的产品在合适的时间是物美价廉的，安装师傅也很专业，共安装了热水器和洗碗机两样东西！调试了一下，使用起来也很方便，很智能化，事先把所有的东西准备好，这样师傅过来安装很快速，而且也不收费。
9415,100011323840,5,"2020-07-03 12:49:18",热水器外观大气好看，功能全面！噪音小，质量也挺好的，还可以手机远程控制。送货到家，安装师傅也很好，经验丰富很快就安装好了。
9416,100011323840,5,"2020-06-14 17:05:21","外形外观：外观来看确实很大气，金色外壳配彩色大屏，看着高端大气上档次
安装服务：安装师傅很专业，按照约定的时间准时到达，而且这次安装真的做到了0安装费，全程没有花费一分钱，这一点还是很棒的
耗能情况：毕竟是个一级能耗的设备，耗电量耗气量都很低"
9417,100011323840,5,"2020-03-26 20:55:58","外形外观：很绚丽，高端大气上档次低调奢华有内涵
恒温效果：很好，主要是零冷水功能很好，没有装回水管也能用
噪音大小：能够接受
出水速度：可以
安装服务：可以，送货速度很快！
耗能情况：一个月后才知道"
9418,100011323840,5,"2020-03-17 02:41:56","外形外观：时尚简洁，金属拉丝面板和触摸屏，看起来比较大气。
恒温效果：还没得开通燃气，到时候试试。
出水速度：不错，楼栋本身水压还可以，没有发现异常。
安装服务：很到位，师傅很耐心，加装排气管道和两个五金件花了叁佰块（封顶价），因为新家还没有安装无线网络，所以wifi功能还没得测试，安装师傅留了联系方式，说如果联系不上再找他，服务态度还不错。
噪音大小：正常范围内。"
9419,100011323840,5,"2020-04-04 17:42:14","外形外观：很漂亮，很喜欢
安装服务：安装师傅很好，服务周到，讲解详细，还戴了鞋套，垃圾还带走，安装效果为客户考虑，很满意。
&hellip;&hellip;&hellip;&hellip;&hellip;&hellip;&hellip;&hellip;&hellip;&hellip;&hellip;&hellip;&hellip;&hellip;&hellip;&hellip;&hellip;&hellip;&hellip;&hellip;&hellip;&hellip;很好，很满意。
恒温效果：还没试，未开通燃气。
噪音大小：声音不大，可接受。
出水速度：很快，很好。"
9420,100011323840,5,"2020-06-25 10:36:02","外形外观：外观看着比较大气，显示屏很大，很不错！
恒温效果：燃气还没通上，效果不知道
安装服务：安装服务非常不错，安装师傅服务特别好，师傅还给我免费安装了！活干完以后，把卫生清理的干干净净！
噪音大小：燃气热水器的噪音都有！
出水速度：出水速度试用后再说吧！"
9421,100011323840,5,"2020-04-01 18:17:41",京东前一天下单第二天就送到了，物流是非常快吃哈?，这个必须好评！到货后联系售后安排专业人员安装调试，中间因为零件问题跑了几趟，大哥也是很热情的细心安装。好评！
9422,100011323840,5,"2020-04-01 17:24:11","外形外观：外观大气好看
恒温效果：温度很稳定
出水速度：出水速度还能接受
安装服务：免费拆了旧机"
9423,100011323840,5,"2020-06-14 14:58:27",买了两周了，上周末预约师傅安装，结果师傅排满了，今天师傅上门安装了，态度很好，也没有收取其他费用，这款主要是看上了零冷水，冬天洗澡方便，其次是免安装费用，原价4999，这次趁着618活动就入手了，可以说很划算了
9424,100011323840,5,"2020-04-10 15:19:58","恒温效果：非常好
噪音大小：没有噪音
出水速度：很快
安装服务：安装师傅很好，很专业"
9425,100011323840,5,"2020-06-05 21:41:06",金色机高端大气，很漂亮，噪音很小，一台热水器可同时厨房卫生间同时使用热水，安装在阳台位置刚刚好，出水速度快，非常不错，安装师傅人很好，很尽责，技术一流，安装完成后还带走了外包装箱，性价比高，很不错的购物，值得购买！
9426,100011323840,5,"2020-06-10 21:49:01","零冷水和八年免费质保吸引了我 价格也很优惠 昨天半夜下单的 今天下午收到货了 速度很快 包装很精美 纸箱外还有塑料包装 等待明天售后师傅的上门安装"
9427,100011323840,5,"2020-06-30 21:38:28",一直相信美的这个牌子，第一次使用这种燃气的产品，感觉不错，就是很省电的。外观也比较美观，喜欢，比较智能，可以手机操作零冷水效果还算可以，毕竟水路长了烧热需要时间，安装费用和自己家装修有关系，客观的评价产品，整体感觉很不错，我会推荐给我朋友使用，美的质量没的说了，
9428,100011323840,5,"2020-03-18 12:03:00","外形外观：外观好看，高大上的产品。然后还可以手机调节温度，太方便了。
恒温效果：师傅安装好之后立马洗了一个热水澡，简直爽的不要不要的，开水就有热水，太方便了。
出水速度：出水速度特别快，几乎不用等就有热水，而且零冷水真的好用。
快递小哥服务特别好，包送楼。整体很满意，非常不错。"
9429,100011323840,5,"2020-06-18 16:54:41",超快收货，618凌晨秒杀，当天中午就到了。家电，大到洗衣机，冰箱，空调，热水器，小到小烤箱，电饭煲，电高压锅，油烟机，碗柜，燃气灶，还有啥？记不清了，全是美的的，还有风扇哈哈哈?，老品牌，非常信赖，十几年前父母也是一直用美的。本来想买经典款，最后选择最新款的，期待使用效果
9430,100011323840,5,"2020-03-29 17:20:11","噪音大小：非常小，
安装服务：安装工的态度很好，手脚麻利，
出水速度：热水还是很快的
外形外观：外观高大上"
9431,100011323840,5,"2020-06-24 16:50:42","安装服务：师傅安装速度很快，也很专业！
热水器零冷水效果也特别好，热水器外观大气"
9432,100011323840,5,"2020-07-07 12:53:43","外形外观：外形满分
恒温效果：很好，水不烫
噪音大小：声音不大，卧室完全听不到
出水速度：出水速度还行，要放冷水
安装服务：安装师傅很年轻，很专业，好评
耗能情况：耗能还没研究，时间长了才知道"
9433,100011323840,5,"2020-05-05 12:46:41","安装服务：安装服务非常满意，安装工人非常仔细，也非常耐心，基本一步到位。
外形外观：外形漂亮美观 ，颜色也非常好看。
恒温效果：恒温效果良好，使用一段时间再看看。
出水速度：出水速度也非常快，满意。
噪音大小：噪音还可以，能接受范围。
耗能情况：暂时还不清楚，等使用一段时间再来追评。"
9434,100011323840,5,"2020-06-02 18:37:54",很好很好，很好，热水器很快就送到了，送到家门口的，优惠还可以前一分钟抢的，反了700多京豆，真的很不错。装修房子太费钱了，精打细算
9435,100011323840,5,"2020-03-16 16:59:45",热水器高端大气上档次，看中了增压零冷水，预约了明天安装，家里电器都是美的，相信美的的品质与服务！！！
9436,100011323840,5,"2020-06-27 10:57:38","外形外观：时尚潮流好看美观
恒温效果：很好，可以设定各种温度，模式多样方便
噪音大小：装室外听不到
安装服务：安装完成，非常好"
9437,100011323840,5,"2020-06-13 16:27:24",帮同事买的，他说非常好用，当时买的时候价格非常优惠，而且付款时，银行卡还搞活动，可以说，非常超值了，安装过程也很顺利，没有额外的收费项目。大品牌，还是很有保障的，送货服务上也很到位，总体是一次满意的购物。
9438,100011323840,5,"2020-06-19 16:22:07","安装服务：非常好 很细致 特别满意
外形外观：很好时尚
恒温效果：完美 特别好
出水速度：很快
耗能情况：不知道"
9439,100011323840,5,"2020-05-18 21:12:19",在京東第一次買熱水器，挑了很久，選中美的。買之前請美的師傅上門看了下安裝環境，免費服務，非常好。之後下單，買了這款新產品，太贊了。零冷水、靜音、恆溫，使用效果非常好。機器外觀設計也很時尚，家人非常喜歡。比之前家中熱水節省很多，而且水量也大了。美的的服務一直在跟蹤，很棒，一天送貨上門，一天安裝，無後顧之憂。小哥很辛苦，為你們的優質服務點贊。
9440,100011323840,5,"2020-03-09 13:36:21",外观挺好看，零冷水功能感觉挺好用，还没有安装上，活动买的，性价比超高，今天安装好后，试一下在做追评，安装是否收费，费用多少，之后都会追评的，评价为了要音响
9441,100011323840,5,"2020-03-09 15:23:33",新品首发，立马就拍，外形非常漂亮大气，零冷水是家用首先，相信美的这个品牌，还没安装下次追评。
9442,100011323840,5,"2020-07-06 20:33:11","嗯不错   价格很实惠，师傅安装很专业很细心。非常不错哦"
9443,100011323840,5,"2020-06-24 23:44:53",东西收到了，趁着618活动买的，在6月18日凌晨买的，活动力度还是很大的，感觉这款热水器应该还是很不错的，价格又实惠，父亲很喜欢。由于北京疫情问题，家里装修被叫停了，估计得耽误一段时间了，先给商品好评！
9444,100011323840,5,"2020-05-24 08:43:13","外形外观：外形好看，颜色也是我喜欢的，看起来就很有质感
恒温效果：效果的话，由于暂时还没有使用，所以具体怎么样现在还不好做出客观的评价。
噪音大小：目前还未觉得有噪音大的现象存在。
安装服务：安装师傅很棒，很快速，使用材料的费用也是明码标价，很满意。"
9445,100011323840,5,"2020-03-15 10:54:28","外形外观：没还，小巧！好看
恒温效果：温度稳定！
噪音大小：适中
出水速度：水量可以。满足用量
安装服务：家里管路比较混乱，售后耐心安装好了。很满意
耗能情况：还没统计出来。"
9446,100011323840,5,"2020-06-19 12:02:54",热水器很好，外观漂亮，噪音很小，出热水快，还有恒温功能
9447,100011323840,5,"2020-06-18 11:01:50",外观高档，机身很大，不愧是16升，花洒没到还没用上，洗澡应该很爽。
9448,100011323840,5,"2020-06-26 10:25:55","售后服务满意
外形外观：满意，很喜欢，618半夜起来抢的
恒温效果：效果还没用，家里以前用的，满意
噪音大小：声音不大，很不错，很好用
出水速度：出水很快，不错的热水器，很好用，很好的热水器，不错
安装服务：安装满意，很好，很负责，师傅很不错
耗能情况：还没用，应该不大，用过同系列的"
9449,100011323840,5,"2020-06-07 12:40:36",热水器很好用，直接可以使用，可以供2个洗手间用，很赞?
9450,100011323840,5,"2020-05-14 08:31:37","这个牌子的热水器可以的 昨天安装完了 收费合理 比从前的升数大了一倍 还有燃气用量显示 感觉很高大上啊 物流也给力 好评 好评 好评"
9451,100011323840,5,"2020-06-08 16:46:38","东西不错，质量好，性价比高，还送礼品。安装师傅服务态度好，耐心等待业主回来安装。
出水速度：热水很快
安装服务：非常好
噪音大小：声音小。
外形外观：漂亮"
9452,100011323840,5,"2020-06-25 11:27:32","安装服务：满意，很好。
外形外观：很好。
恒温效果：很满意。
噪音大小：很小。
物流很快，送货很及时，师傅很专业。很满意。
出水速度：很满意。很可以哦。
推荐购买，外观简单大气，方便实用还带WiFi，安装态度很好，美的值得信奈。一如既往支持京东购买。。。。。
耗能情况：很小。"
9453,100011323840,5,"2020-06-25 00:29:53","外形外观：很漂亮
恒温效果：还不错，试用中
噪音大小：不算小，也可以接受
出水速度：很快
安装服务：由于旧房子电热水器换燃气热水器，自己找人改的水路，费很大力气，最后没找售后来安装。
耗能情况：二级能耗，应该是平均水平。
看中的是美的的品牌和京东的服务，在准备换用燃气热水器的时候首选美的，等了很久等到搞活动，果断入手，价格很合算。"
9454,100011323840,5,"2020-06-19 11:01:18","外形外观：外观简洁漂亮，上墙效果整体不错，比较满意！
恒温效果：正在装修，还未使用，待使用后再做评价，看着是零冷水功能购买的，属于智能产品，使用效果应该不错。
安装服务：安装师傅服务非常到位，预约安装时间也很及时，耐心讲解各项使用功能."
9455,100011323840,5,"2020-06-02 12:49:27","安装服务：师傅非常细致，安装得很好
噪音大小：噪音不大，正常的声音大小
出水速度：出水速度很快"
9456,100011323840,5,"2020-06-11 13:37:35","外形外观：高端大气上档次，低调奢华有内涵，颜色比较高级，安静美
恒温效果：恒温效果非常好，洗手洗澡，再也不怕没热水
噪音大小：噪音非常小，很省心，也很好用，app可以直接控制
出水速度：即开即用，出水快速
安装服务：安装师傅专业，细心有耐心
耗能情况：节能效果应该会很不错，一级能效，加分
安装是免费的哦！！！"
9457,100011323840,5,"2020-04-24 13:55:36",外观时尚大气上档次。效果超级好，零冷水，还可手机控制，非常方便。噪音小，好用。水压力小的时候带自动增压的功能，特别喜欢这个功能。以前在用水高峰期的时候热水根本就打不着火，现在不用担心了&hellip;&hellip;
9458,100011323840,5,"2020-06-29 21:46:32",安装服务：美的热水器安装师傅，准时上门安装，服务很好，特别热情，对环境认真查看，给顾客提了很好的建议，打洞也很专业角度合适安装效果不错，这样的师傅值得表扬和肯定，安装完成后细心打扫卫生，调试机器，产品也很好用，智能功能贴心服务！值得大家选购！总得来说，五星好评！
9459,100011323840,5,"2020-07-08 16:07:28","外形外观：高端大气，低调奢华
恒温效果：洗手洗澡非常舒
出水速度：非常快
安装服务：非常满意"
9460,100011323840,5,"2020-06-06 14:32:09","美的16升燃气热水器 加热速度快 零冷水  售后安装很快 服务好???"
9461,100011323840,5,"2020-07-03 20:02:30",机器外观大气，颜色和家装很搭配，运行起来噪音不大，热水出水速度很快。美的美居app用起来很方便，能够躺在沙发上提前实现点动零冷水。
9462,100011323840,5,"2020-06-23 22:24:38","外形外观：简单大气
恒温效果：使用了才评价，不错
噪音大小：能接受
出水速度：很快
安装服务：安装师傅很耐心，还教我怎么使用
耗能情况：这个不是很清楚???"
9463,100011323840,5,"2020-06-02 16:02:31","外形外观：比较好看
安装服务：安装师傅很专业，态度很好。
出水速度：出水速度比较快，0冷水，还没深度体验。"
9464,100011323840,5,"2020-06-21 12:11:07",安装到位，服务非常好，零冷水使用方便，不用在去放冷水等着了！
9465,100011323840,5,"2020-06-13 12:49:43","安装服务：师傅服务态度特别好，因为我是网上购买的，上门安装是我妈妈在家的，我妈妈说人家服务态度真好，走了还把卫生给打扫了，下次买家电还买这个牌子，服务态度真好
外形外观：外观挺漂亮的
出水速度：我们买的温度可以调节的，一般出水这边都是按照那边调节好的，热水出的很快"
9466,100011323840,5,"2020-07-03 10:45:33",外观非常喜欢，香槟金，非常大气，安装非常满意。该热水器的排气管是70尺寸，大家打排气孔的时候注意尺寸。因为我们家只打了60，所以原装的排气管用不了，在安装师傅那买了60尺寸。然后建议大家最好在厨房吊顶之前把热水器装好
9467,100011323840,5,"2020-03-16 10:25:02","外形外观：色调和渐变屏美观大方，质感很好，操作简捷
恒温效果：洗澡恒温效果好，不会忽冷忽热
噪音大小：不大，正常
出水速度：零冷水功能好评。家里管道长的，复式结构的值得拥有，不用改管道，打开这个功能几分钟后打开热水龙头即出热水，再也不用放冷水了，感觉很棒，是个实用和提升生活质量的功能。
安装服务：专业，高效快捷，赞
耗能情况：智能调节，比较节能"
9468,100011323840,5,"2020-06-22 14:39:55",售前服务很好，产品质量也很不错，安装提前预约的，商家主动打电话为我们预约安装，来之前师傅提前联系的我们，期间催了一次，师傅很快就过来了，因为我上班不在现场，但家人告知师傅安装很到位，态度也很好，京东自营的会更有保障一点。
9469,100011323840,5,"2020-07-08 10:47:49","价格：618到手玖，佰，伍
外形外观：外形方方正正，美观大方，屏幕是渐变屏，看起来高大上
恒温效果：刚安装还未使用，不能评论
噪音大小：噪音不大，在接受范围内
出水速度：了一下 出水速度很快，水量也很大，
安装服务：安装师傅很专业，安装完还把卫生搞得很干净，赞,收费191
耗能情况：水气双调，应该是省气的，后续使用再看"
9470,100011323840,5,"2020-04-21 19:54:54","外形外观：外观外形还是比较好看。新机器看上去很整洁。
恒温效果：恒温效果非常好。今天装上试了一下。表现很不错?b
噪音大小：噪音是有的。装厨房。影响不大。可以接受。
出水速度：出水速度可以。
安装服务：安装到位。很快就安排了人来安装。
耗能情况：这个无法确认。
总之不错的热水器。活动价格也实惠。满意。"
9471,100011323840,5,"2020-04-27 19:00:08","外形外观：外形漂亮
恒温效果：不错可以
噪音大小：能接受
出水速度：快速
安装服务：非常满意，态度很好
耗能情况：暂时还不知道呢"
9472,100011323840,5,"2020-04-23 05:54:19",值得购买的一款燃气热水器，师傅安装的也非常满意！
9473,100011323840,5,"2020-05-12 11:24:16","燃气热水器安装好之后使用了一段时间. 总的来说比较满意：产品简洁大方是我喜欢的style，产品简单易用; 烧水速度挺快的. 目前还没有发现明显的缺点 售前售后都很专业, 师傅很认真负责。"
9474,100011323840,5,"2020-06-27 17:11:49",热水器质量不错，卖家服务很好，师傅安装手艺不错，服务态度也很好，很满意
9475,100011323840,5,"2020-06-21 18:48:13","外形外观：很好
恒温效果：家里还没通气
噪音大小：还行
出水速度：很快
安装服务：师傅很好
耗能情况：这个不清楚"
9476,100011323840,5,"2020-06-04 16:21:44","外形外观：漂亮
恒温效果：很好用
噪音大小：小
耗能情况：少
安装服务：师傅安装专业，服务很好，没有额外收费，收费项目说明很清楚，很专业，解释也很到位，赞一个"
9477,100011323840,5,"2020-04-08 19:39:12",燃气热水器外观大气豪华，送货很快，安装师傅技术好，态度也很好，机声音也小，出热水快，刚安装好，耗能还不清楚。
9478,100011323840,5,"2020-06-12 13:17:04","款式很漂亮哦，已经安装上啦，老板弄的包装很不错呢。照出来的效果也很不错，大爱。
宝贝收到了，质量不错，非常好，很有保证，款式时尚，颜色漂亮，包装精美，物流也很快，店家态度非常好
完全一致，非常满意,真的很喜欢，完全超出期望值，发货速度非常快，包装非常仔细、严实，物流公司服务态度很好，运送速度很快，很满意，希望下次介绍朋友来，能打个折。"
9479,100011323840,5,"2020-06-14 12:31:23",美的燃气热水器的活动非常优惠，这款外观也非常漂亮，零冷水功能也很好，师傅安装专业，很有耐心，点赞！
9480,100011323840,5,"2020-04-07 20:24:16","外形外观：高端大气上档次
恒温效果：还不错蛮稳定
噪音大小：能接受的范围之类吧
出水速度：非常快，同时四个点开启有点小压力，但一两个点开启水压大，出水快
安装服务：非常好，师傅很贴心，未收一分钱，上午下单中午到货下午安装。点赞??"
9481,100011323840,5,"2020-06-05 15:56:51","出水速度：快
外形外观：漂亮
噪音大小：有一点
耗能情况：常用以后再试
安装服务：服务非常好"
9482,100011323840,5,"2020-06-04 19:44:20","外形外观：机子很漂亮时尚大气，大屏显示，做工精细，质量不错，带预约功能
安装服务：安装师傅很专业， 师傅很耐心，毫无怨言，注重细节服务质量，美的的安装师傅都是经过专业培训的，保证让用户满意放心无后顾之忧。"
9483,100011323840,5,"2020-06-27 06:57:29","外形外观：外形外观很漂亮，显示屏是彩色的，面是土豪金，很好看。
安装服务：安装师傅很专业也很用心，施工条件不太好，师傅也耐心给安装完了，安装及时顺利。很满意。
恒温效果：还没有用，以后用了再评价。
618活动购买的，实惠，比平时买优惠了好几百。"
9484,100011323840,5,"2020-03-22 12:53:34",美的这款首发新款热水器挺漂亮的，冷零水带增压功能很强大，而且现在做活动购买很实惠，京东发货速度也很快。家用电器一直首选京东。未安装，等预约安装后再追加评论。
9485,100011323840,5,"2020-06-05 22:24:35",高端大气上档次，挺好的，快递和安装师傅很好很专业，值得拥有
9486,100011323840,5,"2020-05-14 20:04:51",今天刚安装的，师傅服务很好，因为还不能使用，还帮忙包起来，防尘。还没有开通天然气不能试用，后面看效果好不好再来评论。
9487,100011323840,5,"2020-03-16 17:06:24","安装服务：好
外形外观：好
恒温效果：好
噪音大小：很小
出水速度：很快
耗能情况：省电"
9488,100011323840,5,"2020-06-07 17:32:28","外形外观：热水器美观大气，非常漂亮，一看就是高端型号！
出水速度：出水速度快，水温恒定！
安装服务：安装人员热情细致，问题都提前给讲明白，包括免费和收费部分，使用方法等都讲解的非常细致耐心，非常满意！"
9489,100011323840,5,"2020-06-26 12:57:37","非常好的卖家，很热情啊，下次还会来的~宝贝很不错!
到货很迅速，质量很好，好店铺，推荐了~货到了，质量很不错，支持下~"
9490,100011323840,5,"2020-07-04 11:58:50",618买回去的买回老家了，老家通天然气了，但是暂时还没有安装的，虽然给安装瓶那个分，因为暂时还没有通气特别不错，比实体店大品牌，去年也帮姐姐家买了一台美帝的也是特别好，希望好用比郊边要实惠得多，物流也特别快，第二天就到了。
9491,100011323840,5,"2020-05-18 14:17:38",外观简洁时尚，安装也很好，出水速度也很快，0冷水，京东配送很快，太方便了
9492,100011323840,5,"2020-03-31 14:56:34","一直信赖美的品牌家里冰箱空调都是美的品牌的！ 买来装乡下的，下单后第二天就到了，因为家里有事一直没有安装今天终于安装完了，无论售前还是售后预约安装 客服态度都特别好也特别耐心！给美的点赞???"
9493,100011323840,5,"2020-06-21 21:09:58",一直购买京东上的产品，京东产品质量有保证，京东物流速度很快，618也能当日到货，美的的家电买过很多，热水器第一次买，但目前装修也不能安装，618提前买了，买来先放着，估计要一段时间才能装修，希望到时候装修一切顺利！
9494,100011323840,5,"2020-06-20 17:39:43",安装师傅不错，安装很用心，机子也不错
9495,100011323840,5,"2020-03-15 13:39:55","外形外观：好看
安装服务：非常好，师傅非常有耐心"
9496,100011323840,5,"2020-06-25 16:18:20",活动买的，性价比很高，还没有安装，等装修完再安装，安完后再来追加，美的的东西现在越来越丰富，家里很多电器都是美的品牌，售后服务也很好，有问题立即换新，也可能是京东的原因，送货、售后、服务都是一流的，值得信赖，赞一下
9497,100011323840,5,"2020-05-21 18:16:35",热水器看上去很好，零冷水打开2秒左右就有热水，安装师傅很专业，很细致，安装完还细致讲解了如何使用。
9498,100011323840,5,"2020-07-04 07:35:37",外形外观：燃气热水器看着很精美，618也抢到了特惠，挺不错的?性价比极高，安装师傅也认真负责。
9499,100011323840,5,"2020-06-19 10:28:53","外形外观：观好看大气 
噪音大小：小
恒温效果：好
安装服务：安装及时，服务周到，安装师傅认真负责，五星好评。"
9500,100011323840,5,"2020-06-15 12:14:23",好看也好用，出热水快，温度稳定，用起来时没什么噪音，安装师傅很专业，给了很好的建议，毕竟长久用的东西，得装好一点。
9501,100011323840,5,"2020-06-16 08:56:40",安装司傅很细心，态度好，热水器很快就装好了。点赞?
9502,100011323840,5,"2020-06-03 12:04:54",师傅很热心上门帮我们安装，态度也很好，没有一点点抱怨，很满意，谢谢师傅，辛苦了
9503,100011323840,5,"2020-04-20 10:13:10","外形外观：高大上
噪音大小：很小
出水速度：快
安装服务：师傅服务态度好"
9504,100011323840,5,"2020-06-22 16:42:04",安装服务：热水器已经装好，安装师傅特别热情，材料未收取任何费用，非常满意
9505,100011323840,5,"2020-06-02 10:38:09",不错上门速度快，安装速度快小哥都把卫生搞干净了，主要是售后非常不错?
9506,100011323840,5,"2020-06-26 15:59:22","外形外观：整体外观大方美观，很保值
恒温效果：恒温效果良好，不影响温差，零冷水
安装服务：装服务态度良好，一次到位 
出水速度：出水速度快，零冷水效果好"
9507,100011323840,5,"2020-03-23 22:18:50",外形简直是颜值太高了好不好，恒温效果不错，噪音也不大，出水也不错，师傅安装很尽心，态度服务都很好，只要会使用，绝对省气省电。
9508,100011323840,5,"2020-03-14 23:41:30","安装师傅非常棒.来回取辅料两趟，太辛苦了.感谢、！不管是配送还是安装速度都
很快"
9509,100011323840,5,"2020-03-28 19:44:27",配送一如既往的快，安装师傅也很快就来安装了，收费合理，外观简单大气，比之前用的华帝恒温好用多了，基本没什么噪音，出热水很快，新科技还需要慢慢磨合，安装师傅也很耐心。
9510,100011323840,5,"2020-06-28 12:23:41","外形外观：非常漂亮 价钱也是活动买的 非常便宜 冷凌水 外观简单大气上档次！无压力上水，非常好用！美的东西便宜好用，家里的电器准备全部入手美的！外加一款美的冰箱双开门除味保险功能很是喜欢?&hellip;&hellip; 美的值得拥有"
9511,100011323840,5,"2020-06-03 14:47:02",服务很不错，老帅傅它装仔细，细心，一心为顾客作想，很好。非常满意。
9512,100011323840,5,"2020-03-11 20:21:25","外形外观：美观，看上你很舒服，大气
恒温效果：非常不错
出水速度：很好，
安装服务：很好
耗能情况：很省
噪音大小：还可以"
9513,100011323840,5,"2020-05-31 22:42:20",做工精细，到货就接上了。界面很人性化，设置很简单，总之很满意，希望可以稳定的用下去。
9514,100011323840,5,"2020-03-16 18:12:05",非常开心的一次购物，客服美女、送货师傅、上门安装师傅，态度都很好，虽然天然气未开，没能试，还是比个赞?！
9515,100011323840,5,"2020-06-03 17:15:15","外形外观：非常大气
安装服务：师傅非常专业客气"
9516,100011323840,5,"2020-04-13 19:52:46",美的燃气热水器质量很好的，看上去很高档的。
9517,100011323840,5,"2020-07-02 10:28:08",安装规范服务好，师傅很有经验，使用后再来追评
9518,100011323840,5,"2020-07-10 10:59:42","外形外观：外观设计不错，
噪音大小：很小
出水速度：很快，测试了零冷水，
安装服务：连续两天****，很耐心的解决问题。
耗能情况：有待后续观察"
9519,100011323840,5,"2020-06-20 14:13:55","货物已经收到，很棒。
安装服务：装配大哥服务非常到位，也是非常的专业，点赞！！！"
9520,100011323840,5,"2020-06-19 19:59:32",送货很快，师傅很负责，客服很好，送货日期点错后，很快沟通送货，具体使用情况后面看看，看重的是16L跟品牌的铜水箱，还送安装，又可以省点安装费，美的品牌的热水器个人觉着应该比其他牌子好，又是新产品，相信美的
9521,100011323840,5,"2020-05-15 10:05:25","外形外观：外观很漂亮。
噪音大小：能接受。
安装服务：安装师傅非常专业，人很好。
恒温效果：还不错。零冷水效果不错。"
9522,100011323840,5,"2020-06-09 12:22:15",安装服务：这个师傅不错、安装调试到位、很细心、沟通交流能力很强，都客服细心
9523,100011323840,5,"2020-06-19 11:18:03",服务好质量非常好，与卖家描述的完全一致，客服态度很专业热情，有问必答，回复也很快，很有耐心，认真回答的很满意很棒很喜欢客服和物流都满意，都耐心细致的给我解决，发货速度非常快，快递小哥也送货及时上门，包装非常仔细、严实，物流公司服务态度很好，运送速度很快，安装师傅很专业，安装熟练，服务周到热情，细心讲解使用，很满意的一次购物。
9524,100011323840,5,"2020-05-06 18:31:36","外形外观：高大上，非常时尚的金属色
恒温效果：现在还没使用
噪音大小：噪音挺小的可以接受
出水速度：比较快，根据水管长度决定
安装服务：很好，热心"
9525,100011323840,5,"2020-06-08 17:42:05",安装师傅很给力，本来说两点钟，我临时有事，又改到五点，师傅也很好说话，安装费用明明白白，一码归一码，不懂得都给你说清楚！五星好评！
9526,100011323840,5,"2020-04-13 12:43:02","恒温效果：不错
外形外观：时尚
安装服务：很好
噪音大小：很小"
9527,100011323840,5,"2020-06-23 17:02:34",外观造型非常喜欢，因楼房还在装修中，未到装热水器环节，关于恒温．噪音及出水温度待入住后再次评价．送货小哥及安装师傅服务都相当周到细致，特别是安装师傅上门两次指导安装方位，并同意我们提出的过几天安装计划，正能量满满，在此道一声：辛苦啦！
9528,100011323840,5,"2020-04-16 20:56:23",零冷水的体验实在是太好了，整体满意，看后续质量表现吧。
9529,100011323840,5,"2020-05-15 18:09:35","安装服务：安装师傅很专业，还很耐心的教我们怎么用，
外形外观：东西看上去很大气，非常喜欢
噪音大小：声音还好，能接受"
9530,100011323840,5,"2020-04-01 15:20:00","发货很快喔 京东就是给力 这款零冷水就是方便哈"
9531,100011323840,5,"2020-06-21 12:43:28",外观非常漂亮，安装师傅非常专业，穿工衣和工牌，提前说明额外添加的内容，非常好
9532,100011323840,5,"2020-07-08 21:43:20","恒温效果：真零冷水，打开就可以有热水，很方便
安装服务：安装师傅很给力，免费帮忙把就旧热水器拆了，换了一个管子和阀门，也很热心，五星好评"
9533,100011323840,5,"2020-06-06 13:54:05","热水器很好，师傅服务很周到，很贴心
安装服务：服务很好，很周到，很贴心"
9534,100011323840,5,"2020-06-22 23:46:15",安装师傅速度很快、装的也很满意，服务也好，快递也不错。、值得信赖的产品
9535,100011323840,5,"2020-05-29 10:46:52","外形外观：大小正好，液晶屏搭配整体看着高端大气上档次。
安装服务：热情，服务周到。
恒温效果：暂未使用
噪音大小：暂未使用
出水速度：暂未使用
耗能情况：暂未使用"
9536,100011323840,5,"2020-06-03 11:28:47",安装完成，师傅很用心安装的很仔细，对安装结果非常满意，热水器装的也很好服务态度以及质量都很好，弄完卫生也帮我搞了，服务非常好。安装完成，师傅很用心安装的很仔细，对安装结果非常满意，热水器装的也很好服务态度以及质量都很好。安装完成，师傅很用心安装的很仔细，对安装结果非常满意，热水器装的也很好服务态度以及质量都很好。安装完成，师傅很用心安装的很仔细，对安装结果非常满意，热水器装的也很好服务态度以及质量都很好。
9537,100011323840,5,"2020-06-13 11:14:21",这是我购物以来让我最满意的一次购物，客服态度很专业热情，有问必答，回复也很快，很有耐心，认真回答的很满意很棒很喜欢客服和物流都满意，都耐心细致的给我解决，发货速度非常快，快递小哥也送货及时上门，包装非常仔细、严实，物流公司服务态度很好，运送速度很快，安装师傅很专业，安装熟练，服务周到热情，细心讲解使用，很满意的一次购物
9538,100011323840,5,"2020-05-19 10:53:22","外形外观：不错，好看
恒温效果：很好，热水快
噪音大小：不大不小
出水速度：快，几秒钟
安装服务：很好，辛苦安装师傅了"
9539,100011323840,5,"2020-06-26 13:40:37","很好的体验，安装的师傅也很好！美的的售后服务一直都是杠杠的！安装的收费也透明，好！就等使用看看效果如何了！东西质量非常好，与卖家描述的完全一致，非常满意,真的很喜欢，完全超出期望值，发货速度非常快，包装非常仔细、严实，物流公司服务态度很好，运送速度很快，很满意的一次购物"
9540,100011323840,5,"2020-07-08 18:32:19",热水器外观时尚大气，细节上很精致。送货非常快，安装很仔细，专业很到位。服务周到??非常赞??
9541,100011323840,5,"2020-06-20 12:20:11",外形方方正正，美观大方，屏幕是渐变屏，看起来高大上
9542,100011323840,5,"2020-06-19 16:34:45","外形外观：时尚大气
恒温效果：还未使用，使用后再说！
噪音大小：还未使用，使用后再说！
出水速度：还未使用，使用后再说！
安装服务：师傅技术态度很好，很实在，速度很快！
耗能情况：还未使用，使用后再说"
9543,100011323840,5,"2020-05-10 09:09:04",送货这天赶上我们这里下雨箱子淋湿，今天安装，师傅说机器没事，试了试出热水很快，燃气的比较节省吧，一厨两卫应该是够用
9544,100011323840,5,"2020-06-27 07:55:41","外形外观：样式美观，触摸屏控制
出水速度：热水即开即有
安装服务：安装服务超级赞，好拼"
9545,100011323840,5,"2020-06-06 14:29:06",安装服务：美的安装非常专业，安装人员。很好，安装效果很好！
9546,100011323840,5,"2020-06-02 15:11:23",产品试用效果很好，零冷水功能也可以使用。安装师傅非常专业，做工细致，非常有耐心，手工也很专业。
9547,100011323840,5,"2020-06-22 14:47:34",香槟色的外观，很好看～智能操作，很方便～售后服务非常满意，给安装小哥哥和客服小姐姐点赞～
9548,100011323840,5,"2020-04-24 08:24:29",东西送到后有刮痕所以换了货，这是换货后的，使用很方便，快捷
9549,100011323840,5,"2020-06-20 19:33:42","外形外观：外观非常漂亮。
恒温效果：暂时不用。
噪音大小：声音很小。
出水速度：水流很大。
安装服务：安装及时。"
9550,100011323840,5,"2020-04-19 21:49:34","很好，很喜欢京东自营的商品。。。实实在在看得到的优惠，在京东购物已经成为习惯。
外形外观：大气上档次。
恒温效果：还未使用。用后追评
噪音大小：可以接受，还不算很大。0冷水的时候有一些。
出水速度：快快快。比谁都快。
安装服务：非常好，安装专业快速。
耗能情况：还未使用。。。使用后追评。"
9551,100011323840,5,"2020-05-13 20:30:21","客服挺好的，回复及时。
物流也很好，刚发货就电话联系预计到货时间。
售后安装也好，还没收到货就联系预约安装。"
9552,100011323840,5,"2020-05-26 16:29:57",绝对好评！昨天晚上下单，今天准时送到。师傅也很给力，送到后立马过来安装好了，所有功能正常，0冷水功能无需改造，使用正常！
9553,100011323840,5,"2020-05-27 15:14:56","外形外观：非常满意
恒温效果：非常满意
噪音大小：非常满意
安装服务：非常满意
出水速度：非常满意"
9554,100011323840,5,"2020-06-07 14:33:07","东西已经收到了，做活动，很便宜，房子还没装修好，等修好了再安装。
外形外观：很喜欢，很标准"
9555,100011323840,5,"2020-03-09 13:49:24","外形外观：很大气
安装服务：师傅很负责 看房子比较麻烦"
9556,100011323840,5,"2020-04-18 10:39:24",安装师傅服务周到，操作用心，整体效果很好
9557,100011323840,5,"2020-06-19 11:56:49",商品完好无损，物流速度极快。上门安装的师傅也很给力！
9558,100011323840,5,"2020-05-28 14:22:46",安装服务：安装师傅很耐心服务到位，美的售后的服务到个位。
9559,100011323840,5,"2020-06-09 12:59:42",零冷水功能非常好用，连装燃气管的师傅都说好
9560,100011323840,5,"2020-05-19 15:15:18","外形外观：对看，款式新颖时尚
恒温效果：还没使用，等搬进去住用上再评论
噪音大小：不知道怎么样，老公试了一下，说挺热的
出水速度：这个看自家房子的水压吧
安装服务：安装师傅很不错，技术熟练掌握，很快装好了！
耗能情况：零冷水正常的话肯定耗能的，而且夏天不需要啊！冬天就一一整天都开着，洗手间也会有热情水的！"
9561,100011323840,5,"2020-06-05 12:33:22","安装服务：热水器很好   到了之后安装师傅马上就上门安装，很热情很仔细  非常满意妥妥的五星好评
外形外观：外观外形也很好看。
恒温效果：恒温效果不错，用了之后感觉是和一般的不一样。
出水速度：出热水的速度也很快。
噪音大小：最最重要的是噪音小。"
9562,100011323840,5,"2020-06-29 16:13:00",东西非常好，安装师傅也很热情，热水器一会就安装好了(●&deg;u&deg;●)?&nbsp;」
9563,100011323840,5,"2020-04-21 10:28:45","外形外观：和图片一样，挺大气的，由于新房，还没有通燃气，还没有使用
安装服务：师傅很专业，由于我不在现场，还特意和我电话沟通具体辅材费用情况，收费很合理，安装速度也很快，很棒"
9564,100011323840,5,"2020-06-20 07:00:36",快递外观很好，不像我买得那个消毒柜，外观都破损了，跟客服说也不理，顺便说一声，快递师傅很负责，很有耐心，值得购买
9565,100011323840,5,"2020-06-24 10:04:15",外观好看，质量很好，师傅安装非常专业，服务好
9566,100011323840,5,"2020-07-07 12:51:03",安装完成，服务满意，师傅专业，很满意！
9567,100011323840,5,"2020-03-31 08:59:20",外观好看，噪音小，零冷水功能很不错
9568,100011323840,5,"2020-03-09 18:16:17",送货非常及时，安装师傅安排也到位，货到安装师傅就到了，很给力，实效性特别强！一次不错的购物体验！在看此产品的伙伴们如果急需热水的话可以考虑京东美的
9569,100011323840,5,"2020-06-10 18:44:23","外形外观：样子很漂亮，高大上
安装服务：配送很快，安装服务也周到"
9570,100011323840,5,"2020-06-01 17:57:08",物流超速度，半天就到了，安装师傅也很热情，技术棒棒的，产品试了下，还不错。
9571,100011323840,5,"2020-06-04 13:27:07",京东发货神速呀，下完单第二天就收到了，今天已经完成安装了，安装后效果图还不错??
9572,100011323840,5,"2020-07-10 14:11:29",外观大气，使用方便，安装师傅很专业，态度好，收费有明细，为师傅点赞
9573,100011323840,5,"2020-07-07 13:34:59",618抢购的，最近一直在关注价格，没有降价很开心！物流很快，包装也很好，买之前咨询了客服态度也不错，虽然并没有得到满意的答案吧哈哈。因为房子还在装修，又赶上疫情，还没有安装，不过使用后会再来追评的。在京东买东西，很放心！
9574,100011323840,5,"2020-05-22 14:24:01",安装服务：安装师傅特别细心，做的都非常细节！点赞
9575,100011323840,5,"2020-07-09 13:24:21",京东体验不错，物流超级快，买的东西质量也很好，保真。支持国产
9576,100011323840,5,"2020-05-07 20:59:03",美的，安装师傅很专业，非常喜欢，主意事项说的很详细，专业！
9577,100011323840,5,"2020-03-09 13:16:57",买这个热水器，主要是因为新品，又有增压功能，活动价格给力。外形也很漂亮，功能还很强。看到那么优惠的活动，果断买了。
9578,100011323840,5,"2020-05-22 20:00:46",物流快，服务特别好，安装完毕，还给打扫卫生，非常棒。
9579,100011323840,5,"2020-06-06 20:10:06","安装服务：很好
恒温效果：很好
噪音大小：很小
出水速度：很快
耗能情况：节能
外形外观：还行"
9580,100011323840,5,"2020-06-09 22:53:58",安装好啦，师傅服务态度很好，也很专业，宝贝买的挺值，期待使用效果！
9581,100011323840,5,"2020-04-09 15:40:23","恒温效果：出水量不错的，恒温效果很不错
外形外观：简单好看，很便捷"
9582,100011323840,5,"2020-04-17 11:14:45",安装服务：大厂就是不一样，师傅态度很好，京东物流也给力，解决了我一大堆的糟心事！
9583,100011323840,5,"2020-04-28 14:54:25",噪音大小：非常满意，噪音比较小，挺安静的。
9584,100011323840,5,"2020-06-21 12:02:20","噪音大小：东西质量非常好，与卖家描述的完全一致，非常满意,真的很喜欢，完全超出期望值，发货速度非常快，包装非常仔细、严实，物流公司服务态度很好，运送速度很快，很满意的一次购物。"
9585,100011323840,5,"2020-06-16 13:23:42",送货跟安装都很迅速，享受了美的的零元安装服务辅材都不收费，不错哦。新家还未通气，效果以后再验证
9586,100011323840,5,"2020-05-12 16:32:30","安装师傅服务态度很好 热情 专业 产品外观时尚五星好评！"
9587,100011323840,5,"2020-05-28 13:39:24",安装的师傅很耐心，热水器的外观很好看！还能连智能家居，很棒！
9588,100011323840,5,"2020-06-09 09:31:37","质量不错 外观漂亮  服务态度非常好
安装服务：Anz安装及时
外形外观：外观精美"
9589,100011323840,5,"2020-05-17 14:30:36",已经安装，很好看，霸气，安装师傅也很到位
9590,100011323840,5,"2020-03-22 10:31:35",装好了，很好用。不错。老热水器罢工了。洗澡总算有热水了，哈哈。
9591,100011323840,5,"2020-07-06 12:08:17","外形外观：配厨房墙砖很匹配
恒温效果：温水温度刚合适"
9592,100011323840,5,"2020-06-20 11:45:07",外形外观：非常好，外观很大气，好看，值得购买的一款。
9593,100011323840,5,"2020-03-09 11:39:09",第一次买燃气热水器，刚开始还在犹豫，但是看了它的功能介绍我果断的选了它，这款热水器的非常大气漂亮，耐脏，材质用料好，送货也及时，安装也不错，LED的触控显示屏特别有质感，触摸时手感也很舒服，调节时很灵敏，操作简单，字体清晰，看得非常清楚。底部有出水口，燃气口，进水口标的很清楚，用起来后觉得节能环保是这款燃气热水器最主要的也是最重要的特点。
9594,100011323840,5,"2020-06-01 12:26:42","噪音大小：声音特别子
安装服务：大品牌服务安装快速
外形外观：高端大气上档次"
9595,100011323840,5,"2020-06-21 13:30:49",热水器已经安装好，安装师傅非常非常棒，很专业，非常感谢
9596,100011323840,5,"2020-06-06 11:31:46","外形外观：好看，很棒
恒温效果：还没用，以后再看看
噪音大小：还没用，还不知道
出水速度：还没用，还不知道
安装服务：服务非常棒，师傅很负责，干活很细致
耗能情况：应该还行吧，性价比很高"
9597,100011323840,5,"2020-06-20 09:57:25",安装师傅很辛苦，尽心尽责安装，灰尘用布垫在下面
9598,100011323840,5,"2020-03-20 10:36:54",送货很快，包装很好，还没有拆开，家里还没有装修好，装修好装完以后再看看效果！
9599,100011323840,5,"2020-07-03 09:03:49",设备完好，师傅安装十分认真，帮忙设计力求最美观的效果
9600,100011323840,5,"2020-06-20 07:51:27",安装非常顺利，有些不太会使用!快递太给力了，光速!
9601,100011323840,5,"2020-06-05 07:02:31","安装服务：安装非常认真，好评！
恒温效果：还不错。
噪音大小：声音不算大，可以接受"
9602,100011323840,5,"2020-05-19 19:45:57",安装服务：非常好，安装人员很热情，安装的十分满意。
9603,100011323840,5,"2020-06-20 12:12:39",赶618买的，还不具备安装条件，但是以前我买过美的不少家电，安装和售后非常好，尤其是安装净水机后，该换滤芯了会有服务人员给你打电话上门更换，不用自己记时间，非常贴心。
9604,100011323840,5,"2020-06-25 16:41:07",安装很及时，师父服务态度很好，技术厉害。感谢美的，给我们提供很大的便利????
9605,100011323840,5,"2020-05-29 08:57:36",很不错的热水器，送货很快，安装师傅很耐心，态度很好！非常满意。
9606,100011323840,5,"2020-06-07 17:03:33",安装服务：安装师傅专业到位，认真负责，提供安装建议，做好卫生，很好！
9607,100011323840,5,"2020-03-28 11:07:19",热水器不错，温度控制非常精准，很快就能来热水，全程循环更是解决了困扰家里很久的大问题。好用不贵，美的品质值得信赖。还能在手机端实时显示并且控制，早上起床就可以直接点击好，直接去洗澡，不用漫长的等待热水，超赞！！！
9608,100011323840,5,"2020-05-23 20:20:52","恒温效果：非常好
安装师傅非常专业，还帮我改了以前的水管！"
9609,100011323840,5,"2020-06-18 19:38:11","安装服务：非常满意
噪音大小：小
恒温效果：好
外形外观：美
出水速度：快
耗能情况：小"
9610,100011323840,5,"2020-06-20 00:34:36",看起很高大上，还没通气，安装师傅很负责讲解也很到位
9611,100011323840,5,"2020-05-02 20:12:39","外形外观：很好看，屏幕很大，满意
恒温效果：因为天然气还没有开通还不清楚，用过后再评价。
噪音大小：因为天然气还没有开通还不清楚，用过后再评价。
出水速度：因为天然气还没有开通还不清楚，用过后再评价。
安装服务：安装的师傅很专业，很细心，我们安装回水阀的地方很不方便，师傅是躺在地上安装的，真的很敬业，必须五星。
耗能情况：因为天然气还没有开通还不清楚，用过后再评价。"
9612,100011323840,5,"2020-06-18 09:44:08",安装完成，服务态度非常好，机器漂亮好使！
9613,100011323840,5,"2020-04-22 14:36:10",安装服务：很快，很及时，服务很好
9614,100011323840,5,"2020-06-24 13:39:43",安装师傅很好，上午到的货，中午就来安装了，谢谢，
9615,100011323840,5,"2020-06-27 15:39:13",美观大方，价格便宜，服务很好，不错。
9616,100011323840,5,"2020-06-27 23:03:36",东西不错，京东速度杠杠的，老客户了，有需要还会购买！
9617,100011323840,5,"2020-05-08 18:31:22",外观设计挺漂服务很好不错
9618,100011323840,5,"2020-06-15 10:10:32","安装完毕 安装师傅很专业 还用纸盒子包好了"
9619,100011323840,5,"2020-05-08 19:12:18",很高大上，操作方便，安装师傅很专业，安装非常负责认真。
9620,100011323840,5,"2020-06-20 21:51:45",外观时尚，功能齐全，很不错，热水速度没的说
9621,100011323840,5,"2020-06-24 16:23:04",样子很好看，安装师傅也特别负责！非常的满意！
9622,100011323840,5,"2020-03-11 10:06:13","外形外观：颜色漂亮，外形高端大气，
噪音大小：噪音基本可以忽略，比以前的好太多
安装服务：服务真是没得说，售后安装跟进也很及时到位
出水速度：出水速度也非常快，冷水时间比以前短太多
恒温效果：恒温非常好，不会像以前的一时冷水一时热水，冬天洗澡不用担心突然冷到跳起来"
9623,100011323840,5,"2020-06-08 23:24:37",安装服务：安装师傅服务很好，由于我在外地，安装师傅把每个细节都拍照发给我看，装好后帮我把打孔弄脏的地方弄得干干净净，很满意的一次安装体验，价格透明。
9624,100011323840,5,"2020-05-26 19:41:55",不错，功能很好，零冷水功能很好。安装师傅服务很到位！
9625,100011323840,5,"2020-06-15 15:20:19","安装服务：很满意，准时上门
外形外观：好看
耗能情况：还可以
恒温效果：不错"
9626,100011323840,5,"2020-06-23 16:51:10",各方面都很好，师傅做事很细心
9627,100011323840,5,"2020-04-13 18:21:32",产品很不错，安装完成试机很好。值得拥有
9628,100011323840,5,"2020-04-26 15:45:19","外形外观：很漂亮
噪音大小：很小
出水速度：很快"
9629,100011323840,5,"2020-05-30 15:15:52","安装服务：非常满意
外形外观：好看，很复核年轻人审美"
9630,100011323840,5,"2020-06-14 20:09:51","外形外观：外观漂亮小巧。
恒温效果：还没试用刚装修完房子还没入住
安装服务：安装师傅非常负责 ，及时给联系问怎么安装位置放在哪"
9631,100011323840,5,"2020-06-27 18:08:21","安装服务：安装师傅很幸苦 好评满分"
9632,100011323840,5,"2020-03-26 14:27:55",商品不到一天时间就到了，快递小哥很热情，直接送货进家。东西还没拆，买了等新家装修好再装，期待使用效果。
9633,100011323840,5,"2020-06-07 21:58:59",很快就收到了，售后服务非常好，安装很及时，师傅也很专业，非常满意！
9634,100011323840,5,"2020-06-03 08:52:27",外形外观：外型很好看，暂时还没有安装，后续安装了再续评，
9635,100011323840,5,"2020-06-04 20:17:00",零冷水让家人告别小厨宝。再远也不用放很久冷水。产品功能强，性价比高，安装师傅棒棒的。
9636,100011323840,5,"2020-07-04 15:45:17",机器质量不错，安装冯师傅很专业，服务态度很好，必须好评，收费透明合理。
9637,100011323840,5,"2020-04-22 16:03:23",东西很好，美的品牌值得信赖。安装师傅很好，热情。
9638,100011323840,5,"2020-07-02 08:21:00",安装服务：安装师傅给我把瓷砖打破了，真伤心。
9639,100011323840,5,"2020-07-04 13:41:38",商品很好，安装专业，服务好，效率高！
9640,100011323840,5,"2020-06-04 14:26:19",送货及时，售后上门安装及时，服务态度非常好，安装非常合理，师傅辛苦了。
9641,100011323840,5,"2020-06-15 14:43:08",安装服务：安装师傅很好提前预约时间准时到达，
9642,100011323840,5,"2020-07-07 22:04:38",外形外观：热水器没什么问题，等用了之后再来评价，安装师傅很好，特别细心
9643,100011323840,5,"2020-06-03 15:52:22",安装服务：安装师傅非常耐心，不懂的地方一点一点的指点，还很健谈，非常满意
9644,100011323840,5,"2020-03-26 06:20:01",比电热水器方便大多了，热水随用随有！非常好！
9645,100011323840,5,"2020-05-28 17:50:15","安装服务：上午收到货，下午就马上有师傅上门安装了，师傅态度很积极很专业，很耐心的讲解了使用步骤，大牌就是信得过。
外形外观：高大上档次"
9646,100011323840,5,"2020-04-27 07:45:33",东西好，产品外观也好，使用起来很方便，售后特别好，下次还会回购。
9647,100011323840,5,"2020-06-23 09:59:37",6.18买的，还没安装。等装修好了在安装，售后去家里指导安装位置，水电位置，很赞。
9648,100011323840,5,"2020-04-06 12:54:57",安装服务：师傅很准时，安装速度快，很赞哈！
9649,100011323840,5,"2020-06-21 19:14:17",安装师傅技术不错，服务也很好。
9650,100011323840,5,"2020-05-01 19:23:06","外形外观：外观很好看 屏幕是个亮点
安装服务：还没有用，但是感觉应该不错，之前看别人测评效果很好师傅送货很快，但是京东只负责配送，后期美的服务站会联系安装"
9651,100011323840,5,"2020-06-28 10:31:30","非常好 安装师傅特别给力 很惊艳"
9652,100011323840,5,"2020-06-26 16:28:08",外观高大上，安装师傅按的非常好?，做工精细
9653,100011323840,5,"2020-06-20 17:46:09",安装完成，好用，师傅安装手艺很好
9654,100011323840,5,"2020-06-18 19:26:54","安装服务：很满意，服务态度好
外形外观：还可以"
9655,100011323840,5,"2020-05-05 19:13:26",安装非常满意，热水器挺智能的。
9656,100011323840,5,"2020-05-15 15:06:46",安装服务：安装人员很负责热情.约定时间提前到达.安装后场地也收拾干净.
9657,100011323840,5,"2020-07-04 07:07:28",包装完好无损的送到我妈妈手里，快递师傅服务态度没得说，很好，具体还没用
9658,100011323840,5,"2020-06-19 18:00:37",外形外观：美观大方。上档次也是要好看。我没有安装应该好用。超值，价格便宜。，下次还会光顾。
9659,100011323840,5,"2020-07-05 12:29:09","1.宝贝收到了，师傅帮安装好了，很喜欢，看上去高大上，在实体店去看了好几家，后来还是确定了在你家买，质量杠杠滴！喜欢的赶快入手！,我相信品牌的力量,用了一个星期才来评价的,我相信品牌的力量,我们全家都信得过京东,想不到网上买大家电也这么省心,3.  非常满意的一次购物，商家发货及时诚实守信，机器非常好用，使用后再续评，已经多次购买了，五分,京东购物就是比实体店便宜,客服人员电话态度超好,不管专业技术还是时效都很GOOD,客服人员电话态度超好。"
9660,100011323840,5,"2020-06-07 19:09:36",热水器不错，师傅安装的也很认真
9661,100011323840,5,"2020-06-25 11:15:01",很好。热水出的很快！
9662,100011323840,5,"2020-03-11 18:25:45","外形外观：外形很漂亮
恒温效果：目前刚开始用  几秒就出热水了
安装服务：安装师傅很到位"
9663,100011323840,5,"2020-04-14 10:58:04",很好用，很喜欢的东西，大家可以购买没有太大的区别真的很好哦，看到的可以买了
9664,100011323840,5,"2020-07-10 09:51:10","安转师傅很专业，安装很好！
外形外观：外观很好，很时尚！"
9665,100011323840,5,"2020-06-19 11:21:00",安装师傅非常尽职尽责，非常满意
9666,100011323840,5,"2020-05-19 19:19:17",安装服务：对安装师傅非常满意，特别好，一直给调整，忙前忙后好几个小时，真的很辛苦，给师傅一个大大的好评
9667,100011323840,5,"2020-06-09 11:04:45","外形外观：外观很美。
安装服务：服务到位。"
9668,100011323840,5,"2020-06-23 14:34:01",安装师傅很好，很有耐心，热水器出水速度也很快，赞??
9669,100011323840,5,"2020-05-19 23:31:21",还没安装，等师傅上门，很好的师傅，认真负责
9670,100011323840,5,"2020-06-21 13:05:42","外形外观：漂亮大气
恒温效果：目前为止一直恒温
噪音大小：噪音很小"
9671,100011323840,5,"2020-04-21 21:39:12",物流速度好快，售后服务态度很好，忙到很晚才忙完，还打扫了卫生，感谢
9672,100011323840,5,"2020-06-11 11:39:03",售后服务非常好，师傅安装很到位
9673,100011323840,5,"2020-06-06 18:19:54",师傅安装很细心！相信美的！！！
9674,100011323840,5,"2020-06-09 14:32:09","很
安装服务：安装很及时，师傅人很好"
9675,100011323840,5,"2020-06-04 19:07:16",安装师傅特别好，机器也很好
9676,100011323840,5,"2020-06-06 12:27:53",师傅上门安装，技术好，特别满意
9677,100011323840,5,"2020-06-21 15:56:13",安装服务：师傅已经安装完毕，非常满意
9678,100011323840,5,"2020-06-04 13:17:26","恒温效果：很好
噪音大小：声音小
安装服务：很周到
耗能情况：比较低"
9679,100011323840,5,"2020-06-03 17:10:02",上门安装很好，师傅也专业。
9680,100011323840,5,"2020-05-13 17:01:16",外形外观：外观很好看，制热也快！
9681,100011323840,5,"2020-06-29 12:27:47",非常不错的油烟机，安装很负责
9682,100011323840,5,"2020-06-07 14:50:53",非常好，师傅安装专业，态度很好！
9683,100011323840,5,"2020-06-19 17:53:39",买到家了还没安装，看着很高大上很不错买的很便宜。
9684,100011323840,5,"2020-04-26 15:17:02","服务非常好 ，以为我房子还没装好所以和安装协调了一下等装修好了他们会上门安装。服务很周到。"
9685,100011323840,5,"2020-05-20 18:10:39",现在房子才在装修，安装师傅已经安装好了，要等到入住的时候还要过来是调试，服务很到位
9686,100011323840,5,"2020-04-12 14:56:30",安装师傅很专业，安装很漂亮！
9687,100011323840,5,"2020-06-08 11:26:34","安装非常仔细 ****及时"
9688,100011323840,5,"2020-03-26 15:33:52",安装服务：安装满意、师傅走气路、水路设计合理服务态度很好`、
9689,100011323840,5,"2020-07-02 16:40:04","外形外观：再换还可以
安装服务：安装很满意
出水速度：家里面积小，出水很快"
9690,100011323840,5,"2020-06-21 20:19:54","外形外观：非常漂亮的一款热水器，款式尊贵大方。
恒温效果：恒温效果好。
安装服务：安装服务专业快捷，很为客户着想。
美的国货大品牌，信得过。
之前只在京东购买日用品，家电等还是选择了门店。这两年渐渐大件的家电也都开始从京东选购，物流迅速，价格碰到活动格外美丽。"
9691,100011323840,5,"2020-06-06 14:39:51",挺好，安装师傅很专业。满意
9692,100011323840,5,"2020-05-14 11:19:17","京东服务一直很好。这几天不在家，送货小哥帮忙搬运到家里了，服务热情、细心，非常满意。
回去后约时间安装"
9693,100011323840,5,"2020-06-25 11:01:44",安装服务：完美。安装师傅绝对
9694,100011323840,5,"2020-06-27 14:54:34","安装服务不错 点赞  很可以"
9695,100011323840,5,"2020-04-17 18:22:32",安装服务：安装得非常好看，安装师傅很热情，还帮搞好了卫生，很棒
9696,100011323840,5,"2020-06-20 16:37:57",安装服务：安装师傅安装的很好，服务到位。外观大气上档次。
9697,100011323840,5,"2020-06-10 17:39:55",货已收到，送货速度很快，占时还没有安装，装好后再追评
9698,100011323840,5,"2020-06-03 10:36:03",安装服务：安装师傅特别好，注意事项全都讲明白了，很热心。
9699,100011323840,5,"2020-06-18 09:06:19",东西已收到，客服服务态度很好！很满意的一次购物，快递小哥哥太给力了，下单没几个小时，已经送货上门可，服务态度太好了！（本人不在家，所以想拍个视频图片都没办法拍！）
9700,100011323840,5,"2020-05-11 13:10:09",商品质量非常好，安装师傅技术很好，服务很周到。
9701,100011323840,5,"2020-07-01 13:17:23","安装服务：安装及时，师傅服务态度好，安装很满意
外形外观：外观设计美观大方
恒温效果：零冷水的用起来方便"
9702,100011323840,5,"2020-06-06 12:08:12",很好很好很好很好，迟点时间再安装。
9703,100011323840,5,"2020-06-18 18:39:15",也太快了，618晚上下单，下午送到，明天上门安装，美的质量，值得信赖
9704,100011323840,5,"2020-06-21 09:10:29","外形外观：简单大气
噪音大小：可以接受
出水速度：水流顺畅
安装服务：服务周到
6.18买的，当天就送到了，速度还是很快的，第二天就上门安装了，安装师傅态度很好，服务很周到，东西很漂亮，很喜欢，家里还没通气，使用完在过来追评"
9705,100011323840,5,"2020-07-04 19:49:01",好安装好，安装师傅态度很好
9706,100011323840,5,"2020-05-29 16:16:06",安装服务：非常好，很细心。
9707,100011323840,5,"2020-06-02 12:53:55","快递已送到    1号夜里下单，第二天上午就到  简直神速，还没安装   等待周末装了再说"
9708,100011323840,5,"2020-06-08 20:29:41","家人看着装的，安装人员很热心，还没看到实物，后期用了再来追评
安装服务：五星"
9709,100011323840,5,"2020-06-04 16:56:13",安装服务：安装师傅很耐心，很专业，很棒！推荐！
9710,100011323840,5,"2020-06-20 09:23:56",物流超快啊，隔天就到非常满意，还没有安装，美的大牌子应该不错的。
9711,100011323840,5,"2020-07-06 13:23:38",快递小哥，很给力，衣着整洁，速度很快，也很贴心。
9712,100011323840,5,"2020-06-19 14:34:30",京东服务很好，送货快，配送员态度好，服务周到。家里还在装修，先囤货。
9713,100011323840,5,"2020-04-12 07:56:27",外观大气上档次，零冷水功能很不错
9714,100011323840,5,"2020-06-28 10:41:18","安装服务：安装完成，安装免费，师傅非常专业
外形外观：好"
9715,100011323840,5,"2020-06-02 13:27:34",安装服务：安装很快，各方面询问比较细，服务态度很好。
9716,100011323840,5,"2020-06-28 13:26:17",安装很好，服务不错，比预约时间提前了不少
9717,100011323840,5,"2020-06-21 13:38:36","噪音大小：声音很小，比之前用的小多了。
安装服务：安装很不错，"
9718,100011323840,5,"2020-04-24 08:57:20",外观大方，出水快，安装师傅很到位！
9719,100011323840,5,"2020-05-24 18:01:04",物流配送员超好，安装师傅很认真负责，安装很专业。服务态度超棒。
9720,100011323840,5,"2020-04-24 08:00:40",美的大品牌值得信赖，安装师傅很专业，配件都免费。超值。
9721,100011323840,5,"2020-06-03 10:43:17",安装服务：安装师傅非常细心，安装的非常到位，我非常满意，宝贝外观看上去很漂亮。
9722,100011323840,5,"2020-06-14 15:17:10",刚收到宝贝，整体包装和送货速度都是很快的，现在还没有安装，等安装使用过后在来追加评论。
9723,100011323840,5,"2020-06-09 17:47:34",新房子装修，看到很多人推荐。所以赶紧入手了。客服还会主动打电话确认收货和安装时间。快递小哥也会主动提前咨询，并且送到家。服务很周到。
9724,100011323840,5,"2020-04-28 16:19:25",商品已收到，送货安装非常及时，送货人员送货上门，安装师傅讲解使用方法，下次购物还上京东。
9725,100011323840,5,"2020-06-17 16:18:08",新家装修买的，安装上了，还没用，不知道怎么样呢，安装师傅很负责，还教我怎么使用，态度很好！
9726,100011323840,5,"2020-06-23 14:13:35",零冷水，非常喜欢，既节能又来得快
9727,100011323840,5,"2020-06-27 11:04:29","恒温效果：效果很好
外形外观：外观漂亮
安装服务：服务也很好，解决问题非常及时。"
9728,100011323840,5,"2020-06-03 14:36:21","外形外观：很好
恒温效果：很好
安装服务：好"
9729,100011323840,5,"2020-06-21 17:24:01","外形外观：时尚
恒温效果：恒温很好
噪音大小：噪音小
出水速度：出水快
安装服务：专业"
9730,100011323840,5,"2020-06-21 19:18:51","外形外观：外观很好看
安装服务：安装师傅第一时间联系安装，服务很不错"
9731,100011323840,5,"2020-05-05 22:10:37","噪音大小：噪音很小
安装服务：服务很好
出水速度：很快"
9732,100011323840,5,"2020-06-19 10:44:12",安装服务：安装师傅很仔细，服务非常满意，大品品牌值得信任！
9733,100011323840,5,"2020-06-29 21:49:46","外形外观：外观好看，高大上的产品。然后还可以手机调节温度，太方便了。
恒温效果：师傅安装好之后立马洗了一个热水澡，简直爽的不要不要的，开水就有热水，太方便了。
出水速度：出水速度特别快，几乎不用等就有热水，而且零冷水真的好用。
快递小哥服务特别好，包送楼。整体很满意，非常不错。"
9734,100011323840,5,"2020-06-29 12:31:48",安装师傅速度快，非常满意。如果卖家把承诺给我的赠品给我就好了。
9735,100011323840,5,"2020-06-12 16:19:40",物流很给力，售后师傅安装及时，服务态度超级好，很满意的购物体验
9736,100011323840,5,"2020-06-23 14:59:37","东西很好 安装也很给力"
9737,100011323840,5,"2020-06-03 10:34:42",宝贝已收到，物流配送服务都很给力，还没安装，其他待安装好了再评价吧
9738,100011323840,5,"2020-06-26 14:48:25","安装满意  热水器很好  师傅细心安装."
9739,100011323840,5,"2020-07-05 09:12:45",朋友315买的，看到颜值很高我就买了，实物确实很棒，还没安装，用后追评
9740,100011323840,5,"2020-06-09 22:30:09","安装服务：很好，师傅很认真负责，赞
还没用，不过相信美的大品牌"
9741,100011323840,5,"2020-05-27 14:36:42",安装服务：安装师傅很好，热水器也很好！
9742,100011323840,5,"2020-07-04 22:26:38",安装服务：师傅装的很不错，很有耐心，装完几天以后有咨询他，他很细心的解答。
9743,100011323840,5,"2020-04-20 20:11:25","外形外观：挺好看的，目前还没有使用，等用了再评
安装服务：安装师傅很有耐心，很认真"
9744,100011323840,5,"2020-06-06 11:56:00",热水器很不错，性价比高，安装人员也很好
9745,100011323840,5,"2020-05-28 15:50:56",送货速度很快，直接送进家里，快递员很尽责，还没装，等装来再来追评了，
9746,100011323840,5,"2020-05-19 11:21:15","安装服务：安装师傅很好
外形外观：外观挺好看的
出水速度：出水速度很快，零冷水很好"
9747,100011323840,5,"2020-07-02 15:17:57",快递速度快，包装完好，安装师傅非常认真负责，态度非常好！！！
9748,100011323840,5,"2020-06-22 12:46:47",外形外观：最满意的一次购物，外观和性能都非常棒
9749,100011323840,5,"2020-04-25 16:32:29",安装服务速度快，技术好，非常满意！
9750,100011323840,5,"2020-06-01 04:49:36",买的土豪金，美观，安装师傅服务好很有耐心
9751,100011323840,5,"2020-06-27 21:23:25","外形外观：漂亮，
恒温效果：还没有使用，后期追加
噪音大小：适中
安装服务：师傅很耐心"
9752,100011323840,5,"2020-06-29 11:13:14","外形外观：外形好看
恒温效果：还没有使用，用后追评
安装服务：安装师傅很热情"
9753,100011323840,5,"2020-06-13 18:15:38",安装师傅服务很好，很满意!下雨天还赶过来安装，好!
9754,100011323840,5,"2020-06-20 13:36:24",安装师傅安装的很到位。非常棒。下次有需要了就介绍这家。
9755,100011323840,5,"2020-03-20 17:46:49",安装服务：非常好，师傅帮忙把其他管道都一起。处理了！很给力
9756,100011323840,5,"2020-03-10 18:26:50",安装师父很认真，很仔细，然后也帮忙介绍使用关注要点，很赞！
9757,100011323840,5,"2020-05-08 11:22:56","外形外观：漂亮
恒温效果：不错
噪音大小：很小
出水速度：很稳定
安装服务：技能熟练
耗能情况：还不知道怎么样"
9758,100011323840,5,"2020-06-03 09:41:58",师傅态度很好，美的热水器大品牌值得信赖，一直信赖京东
9759,100011323840,5,"2020-06-27 18:24:25","外形外观：很好看
恒温效果：很好
出水速度：大
噪音大小：小"
9760,100011323840,5,"2020-04-06 18:20:47",安装好评，师傅很耐心的讲解热水器功能，帮忙app连接热水器
9761,100011323840,5,"2020-07-10 06:21:18",美的真的很不错，性价比高颜值也很给力，新房子装修看了很多以前一直纠结买电热水器还是燃气热水器最后还是选择这款零冷水的美的燃气热水器，东西收到了特别惊喜，包装完美机子很大气金属面板美的安装师傅也特别给力中午送货下午师傅就来安装的半个小时搞定，专业的事交给专业的人没错！朋友们可以下手放心买买买
9762,100011323840,5,"2020-07-09 13:45:21",物流很快，安装师傅很用心，有需要还会在来买的
9763,100011323840,5,"2020-04-27 13:59:45",产品高大上，物流配送快，很好
9764,100011323840,5,"2020-05-18 11:10:36",物品收到，物流很给力，还没安装，用了再追加评论。
9765,100011323840,5,"2020-05-30 14:19:23",安装服务：安装师傅服务特别好，感谢安装师傅，你辛苦了?
9766,100011323840,5,"2020-06-29 18:37:46",上海美的安装师傅非常仔细，认真，也没收取任何费用。
9767,100011323840,5,"2020-06-11 17:56:28",安装安装师傅很专业！安装安装熟练，服务周到
9768,100011323840,5,"2020-06-04 12:10:40",安装服务：很好，服务很好，师傅很专业。很细心
9769,100011323840,5,"2020-06-12 20:59:31",安装服务：服务到位，安装师傅也很用心，老乡就是好，点赞
9770,100011323840,5,"2020-07-10 09:45:35",已经安装成功，安装师傅很专业，服务态度也很好，点赞
9771,100011323840,5,"2020-06-22 11:09:24",安装服务：安装满意，小哥哥太有耐心了，一一给我说明怎么使用。
9772,100011323840,5,"2020-06-19 14:36:07",这次购物体验太好了，各种省，爱死京东了
9773,100011323840,5,"2020-04-14 15:14:05","安装上了 非常高端大气上档次  大爱"
9774,100011323840,5,"2020-05-22 17:24:55",发货快，安装快，效果好，安装师傅非常细致认真。
9775,100011323840,5,"2020-03-21 13:22:55",非常满意，出热水快，声音小。
9776,100011323840,5,"2020-06-02 14:34:51",安装师傅上门及时，态度很好&hellip;&hellip;
9777,100011323840,5,"2020-06-03 22:42:11","安装师傅服务很到位，很贴心，公司要多多嘉奖 奖金。"
9778,100011323840,5,"2020-06-19 14:24:44",安装完成，安装师傅专业，及时，很好
9779,100011323840,5,"2020-06-23 11:59:16",安装服务：太棒了，师傅安装非常快，非常棒，给他点赞。
9780,100011323840,5,"2020-05-09 17:36:04",安装服务：安装服务态度很好。还没开始用，等用了再来评价。
9781,100011323840,5,"2020-06-14 14:41:20",安装完美无缺，服务满意，一切都很好，很专业！
9782,100011323840,5,"2020-06-04 10:05:06",好评，安装服务非常到位，态度好，热水器还未使用。
9783,100011323840,5,"2020-04-20 14:14:34",送货速度很快，还没有装，等房子装修好再来追加评价
9784,100011323840,5,"2020-06-09 16:31:40",快递很负责，安装师傅认真，等通气之后在来装h伐。
9785,100011323840,5,"2020-04-03 12:38:04",颜色飘亮，高端大气上档次
9786,100011323840,5,"2020-06-03 14:04:22","外形外观：挺漂亮
安装服务：很高效
恒温效果：也不错
耗能情况：还没用"
9787,100011323840,5,"2020-06-20 10:27:50",很不错哦，出水快，安装师傅很专业
9788,100011323840,5,"2020-03-20 19:39:25",宝贝才收到，还没有找装，外关很美，按装好后在平价
9789,100011323840,5,"2020-06-26 16:11:27",很好很快速安装好了，免安装很好
9790,100011323840,5,"2020-05-16 14:00:22",安装师傅很专业，安装及时，服务态度很好！！
9791,100011323840,5,"2020-07-08 20:30:48",房子在装修！还没装！包装很好，物流师傅很给力！
9792,100011323840,5,"2020-07-10 17:54:14",很快就收到货了，真是又快又方便，品质也有保证，实乃上网购物首选，师傅安装的很好，很满意
9793,100011323840,5,"2020-06-04 17:12:58","安装服务非常满意 态度非常好，上门非常及时！"
9794,100011323840,5,"2020-05-10 12:20:07","外形外观：好看
安装服务：安装工人安装的很好，仔细认真。"
9795,100011323840,5,"2020-06-20 15:51:12","安装及时安装服务态度好负责的工作 很满意"
9796,100011323840,5,"2020-06-12 10:36:52",热水器器外观很漂亮，安装师傅服务态度很好！
9797,100011323840,5,"2020-06-21 12:59:51",安装服务：安装满意，师傅很到位！至于使用后期再评价。
9798,100011323840,5,"2020-05-27 18:11:33","恒温效果：总体很不错
外形外观：很好看
噪音大小：还不错
出水速度：很大
安装服务：很好
耗能情况：很低"
9799,100011323840,5,"2020-05-28 16:52:39",安装服务：师傅服务非常到位，安装快速，售后到位
9800,100011323840,5,"2020-05-18 08:59:12",安装服务：服务很好很到位。产品还没开始用没法评价。
9801,100011323840,5,"2020-06-21 15:06:50","东西很好  送货很快  价格超便宜"
9802,100011323840,5,"2020-06-26 23:10:28",恒温效果：这款热水器温度控制的非常好
9803,100011323840,5,"2020-06-20 16:44:13",安装师傅辛苦了，很耐心的帮忙调试，nice满分
9804,100011323840,5,"2020-04-15 10:55:22",安装师傅很专业及时，机器还没有用，希望好用
9805,100011323840,5,"2020-04-08 16:13:24",安装服务：服务非常好，有耐心，非常棒的一次购物体验。
9806,100011323840,5,"2020-07-07 17:14:16",新房子家里的电器都是买美的的，非常满意
9807,100011323840,5,"2020-07-08 11:37:55",送货快，安装师傅来的也快，服务态度也很好
9808,100011323840,5,"2020-04-27 00:48:35",很好，高端产品，分钱分货
9809,100011323840,5,"2020-06-11 22:07:04",外观漂亮，价格优惠，快递很及时，安装得很好
9810,100011323840,5,"2020-05-23 12:29:13",安装服务：美的安装师傅态度好，技术全面，非常满意
9811,100011323840,5,"2020-05-15 04:46:47","还没装修好  期待安装  物流很快  客服给力"
9812,100011323840,5,"2020-05-03 11:11:52",售后及时服务到位，师傅热情，安装特别细致。
9813,100011323840,5,"2020-07-04 10:20:52","外形外观：外观很大气，非常喜欢
安装服务：安装师傅态度特别温和，不会的地方师傅手把手教会，非常感谢安装师傅！给么出五星好评！"
9814,100011323840,5,"2020-05-27 13:23:41",绍兴致微售后梁有安装师傅安装非常满意
9815,100011323840,5,"2020-06-26 12:33:12",安装服务：非常迅速专业细心，师傅技术过硬!
9816,100011323840,5,"2020-04-11 19:53:23","热水器很好
安装师傅也很细心"
9817,100011323840,5,"2020-06-26 16:55:47",因为疫情，还没安装，但是抢的很便宜，值了！
9818,100011323840,5,"2020-04-08 14:12:10",昨天到货今天就装好了，安装师傅也很耐心，
9819,100011323840,5,"2020-06-03 13:41:17",安装服务：按装师傅很认真，服务态度非常好！
9820,100011323840,5,"2020-06-12 17:29:09",这款热水器买的太超值了，还是零冷水的！
9821,100011323840,5,"2020-07-01 15:59:26","安装服务： 安装师傅王孝聪的安装非常满意"
9822,100011323840,5,"2020-05-18 11:07:13","安装师傅装机快 服务好！很棒"
9823,100011323840,5,"2020-06-09 15:00:13","安装师傅上门安装 安装态度非常好。"
9824,100011323840,5,"2020-06-15 11:17:03","宝贝不错，师傅安装的很专业美观 好评！"
9825,100011323840,5,"2020-04-06 12:26:19","安装师傅非常好，非常满意。
安装服务：非常好"
9826,100011323840,5,"2020-06-06 21:32:54",订的货很满意。安装师傅也很专业，点赞！
9827,100011323840,5,"2020-06-24 16:58:59",师傅安装的很好，很负责，很好
9828,100011323840,5,"2020-06-20 14:40:06",配送很快，安装给力，还未使用，后续追评
9829,100011323840,5,"2020-06-01 00:27:48",外形外观：产品非常非常的上档次！
9830,100011323840,5,"2020-06-01 12:41:56",送货非常快，服务很周到！感谢京东快递！
9831,100011323840,5,"2020-06-13 17:01:12",安装服务：非常满意，态度好，服务好。嘎嘎的
9832,100011323840,5,"2020-06-14 18:24:28","安装师傅上门及时态度认真 非常满意"
9833,100011323840,5,"2020-06-10 11:37:03",安装服务：安装很好，师傅也很细心根满意
9834,100011323840,5,"2020-06-21 12:51:42",机器很美观，服务很好，支持
9835,100011323840,5,"2020-04-29 18:59:56",外形外观：触摸渐变大屏，非常惊艳。
9836,100011323840,5,"2020-06-01 15:53:31",安装服务：安装师傅非常贴心满意，五星好评！
9837,100011323840,5,"2020-06-23 17:54:19",东西不错，安装师傅也很负责，谢谢啦！
9838,100011323840,5,"2020-05-02 16:23:29",安装服务：师傅配合非常到位，安装很细心！
9839,100011323840,5,"2020-06-02 17:13:03",服务态度好，送货块，很棒很棒
9840,100011323840,5,"2020-06-11 11:25:26",安装非常满意！服务热情周到细心！
9841,100011323840,5,"2020-06-03 17:57:34",收货，安装都很快。还没通天然气，期待。
9842,100011323840,5,"2020-04-12 11:46:24",外形外观：看起来很不错，还没装，等装上了再看
9843,100011323840,5,"2020-05-13 13:18:42",安装服务：安装师傅很给力，是个专业的大佬！
9844,100011323840,5,"2020-06-15 10:28:42",安装师傅服务很好，讲解很详细，感谢
9845,100011323840,5,"2020-07-06 12:46:45",安装服务：很棒，师傅特别专业，服务特别好，我买的商品隔了一个月才安装，师傅也是很尽心很敬业，给师傅点个赞
9846,100011323840,5,"2020-06-17 18:34:25",安装服务很满意，谢谢工程师，辛苦了
9847,100011323840,5,"2020-06-03 12:11:19","外观很好看  安装速度快。服务态度好"
9848,100011323840,5,"2020-05-26 20:03:47","外形外观：大屏幕漂亮
恒温效果：非常好
噪音大小：比以前的那个万要好
出水速度：这个排量，肯定大"
9849,100011323840,5,"2020-07-04 21:10:56",安装人员服务非态度和质量非常好
9850,100011323840,5,"2020-06-08 13:26:57",安装服务：非常好！师傅人好，手艺好，棒棒哒！
9851,100011323840,5,"2020-04-09 15:51:15",安装服务：安装准时，安装人员态度也很好
9852,100011323840,5,"2020-04-26 12:21:52",安装师傅很细心，专业，热心，五星好评
9853,100011323840,5,"2020-05-22 21:20:29",十分满意，安装师傅很细心，忘带图啦
9854,100011323840,5,"2020-06-24 21:12:59","外形外观：好，
这次售后安装特别棒"
9855,100011323840,5,"2020-06-07 12:43:33",安装服务：这个产品不错，挺好，服务很好
9856,100011323840,5,"2020-06-01 15:25:05",刚收到，暂未安装，物流很快！
9857,100011323840,5,"2020-06-13 12:50:15",安装服务：师傅服务态度很好，解释很到位。
9858,100011323840,5,"2020-06-21 14:20:27",安装服务：已装好，很满意！
9859,100011323840,5,"2020-07-10 11:11:33",很好很高级很不错可以可
9860,100011323840,5,"2020-06-19 14:19:09","安装服务：安装很快 师傅态度很好 很专业"
9861,100011323840,5,"2020-06-27 17:23:02",安装服务：安装师傅更专业，服务态度很好
9862,100011323840,5,"2020-05-24 15:44:42","安装服务：服务态度好 上门及时 非常满意"
9863,100011323840,5,"2020-07-02 18:11:21",配送快，安装服务态度好，五星好评
9864,100011323840,5,"2020-05-15 12:50:09",安装服务：五星好评，安装师傅非常给力
9865,100011323840,5,"2020-07-07 09:09:59",很好很便宜，很不错很不错
9866,100011323840,5,"2020-07-03 17:31:27",安装师傅太多很好，安装很到位
9867,100011323840,5,"2020-06-20 15:44:52",非常满意！安装不错！
9868,100011323840,5,"2020-05-17 20:58:23",安装服务：服务很认真负责！保持！
9869,100011323840,5,"2020-04-17 11:13:52","安装服务：机器按装好  对按装师傅很满意"
9870,100011323840,5,"2020-06-20 15:01:16",安装服务：安装师傅很负责，安装到位。
9871,100011323840,5,"2020-06-08 12:27:10",安装服务：售后服务好，态度好，非常满意！
9872,100011323840,5,"2020-06-14 14:18:30",安装服务：师傅热情技术好，服务很好。
9873,100011323840,5,"2020-06-06 12:41:05",安装师傅做事很负责，技术很到位
9874,100011323840,5,"2020-06-20 16:56:59",安装服务：安装非常顺利，师傅人很不错~
9875,100011323840,5,"2020-06-05 16:20:40",外形外观：外观简洁大气上档次
9876,100011323840,5,"2020-06-19 12:30:47",安装服务：安装服务很好，师傅主动联系。
9877,100011323840,5,"2020-06-01 19:32:01",安装服务：等待天然气开通，？服务很好
9878,100011323840,5,"2020-03-12 18:10:05",安装师傅服务很专业！下次继续。
9879,100011323840,5,"2020-06-03 17:39:36",安装满意，服务很好，很好
9880,100011323840,5,"2020-05-14 11:29:17",安装师傅做的很棒，必须五星好评
9881,100011323840,5,"2020-05-16 13:50:44",安装服务：安装师傅很好，很细心，很满意
9882,100011323840,5,"2020-06-19 12:40:52",样子很好暂时还没安装。
9883,100011323840,5,"2020-06-03 15:03:07","师傅来的很及时  安装辛苦了"
9884,100011323840,5,"2020-06-25 10:11:20",师傅非常专业靠谱！给大大的赞！
9885,100011323840,5,"2020-06-20 18:44:01",外观好看，安装师傅服务也很好。
9886,100011323840,5,"2020-06-28 13:30:29",外观不错，安装师傅很细心，满意
9887,100011323840,5,"2020-06-21 19:21:51",安装服务：做工细致，安装很好
9888,100011323840,5,"2020-03-15 14:40:21",按照很及时，服务很满意。
9889,100011323840,5,"2020-06-24 18:38:17",样子好看，零冷水，很不错，
9890,100011323840,5,"2020-06-27 16:53:13",安装师傅态度非常好，给与好评
9891,100011323840,5,"2020-06-02 17:21:42",挺好的，师傅安装也很到位。好评
9892,100011323840,5,"2020-06-13 14:36:42",到货速度快，质量杠杠的！
9893,100011323840,5,"2020-07-02 15:56:46",安装小哥特别好，很负责很热心
9894,100011323840,5,"2020-04-27 09:48:00",安装服务：安装完工，安装安非常满意
9895,100011323840,5,"2020-06-22 10:33:51",安装师傅非常专业，感谢安装师傅！！！！
9896,100011323840,5,"2020-06-23 17:26:04",美的安装师傅服务态度特别好
9897,100011323840,5,"2020-06-02 17:31:37",安装速度快，服务态度好，很满意
9898,100011323840,5,"2020-06-06 10:43:35",配送很快，安装人员服务也很好
9899,100011323840,5,"2020-05-29 13:08:42","外形外观：棒棒哒
安装服务：超级，超级好"
9900,100011323840,5,"2020-06-15 09:14:32",安装师傅很热情，安装很专业
9901,100011323840,5,"2020-07-04 14:33:10",安装服务：安装快速，师傅态度特别好
9902,100011323840,5,"2020-04-11 07:23:42","外形外观：美观大气
恒温效果：好
出水速度：快
安装服务：非常棒，讲解详细态度很好"
9903,100011323840,5,"2020-06-12 13:01:14",安装服务：安装师傅很细心，非常满意
9904,100011323840,5,"2020-05-18 10:25:37",安装服务非常好，收费合理明确
9905,100011323840,5,"2020-06-21 07:40:36",安装服务：安装师傅非常专业很专业
9906,100011323840,5,"2020-07-09 09:31:56","外形外观：完好
安装服务：态度很好，赞"
9907,100011323840,5,"2020-05-21 11:44:11",师傅非常好，也非常专业好说话
9908,100011323840,5,"2020-05-18 12:59:35",安装服务：安装已完成师傅专业很好。
9909,100011323840,5,"2020-06-07 11:17:45",安装服务：师傅很负责，安装很快速
9910,100011323840,5,"2020-06-30 13:24:10",提前预约，师傅干活非常仔细。
9911,100011323840,5,"2020-07-04 19:00:00",安装师傅服务态度很好很棒。
9912,100011323840,5,"2020-07-08 17:13:06","还没使用 师傅安装的很到位"
9913,100011323840,5,"2020-06-23 16:36:21",安装服务：满意，非常好，态度好，专业
9914,100011323840,5,"2020-06-10 11:36:48","安装服务：非常满意   师傅很负责任"
9915,100011323840,5,"2020-06-02 13:45:44",安装上门很快，服务态度很好。
9916,100011323840,5,"2020-06-21 18:51:11",师傅安装很及时，也很负责任
9917,100011323840,5,"2020-06-04 11:49:18",安装非常满意师傅人特别好！
9918,100011323840,5,"2020-06-20 18:10:21",安装服务：服务很周到，给师傅点赞。
9919,100011323840,5,"2020-05-18 18:56:58",服务好态度好速度快，很专业。
9920,100011323840,5,"2020-06-15 18:11:06",安装师傅非常用心，非常满意
9921,100011323840,5,"2020-06-20 15:00:36",安装师傅很装业，速度很快
9922,100011323840,5,"2020-06-04 11:55:08","不错，支持，送货很快
安装服务：很好"
9923,100011323840,5,"2020-04-08 14:14:06",安装很好！很快很满意！
9924,100011323840,5,"2020-05-15 16:25:38",安装迅速服务周到，五星好评
9925,100011323840,5,"2020-04-26 12:43:00",安装快速，服务态度非常好！
9926,100011323840,5,"2020-05-07 11:27:49",包装完好没有破损速度很快
9927,100011323840,5,"2020-06-14 16:53:22",高端大气上档次，挺好
9928,100011323840,5,"2020-07-06 11:03:06",物有所值，安装师傅也很好。
9929,100011323840,5,"2020-05-10 11:37:35",很好非常好越来越好！
9930,100011323840,5,"2020-05-04 09:10:01",物流师傅太到位了，服务很好
9931,100011323840,5,"2020-04-10 13:32:17",安装服务：师傅服务态度好，非常赞！
9932,100011323840,5,"2020-06-24 20:40:37",安装人员服务很好，棒棒棒！
9933,100011323840,5,"2020-06-24 12:55:13",非常好，师傅热情周到，感谢
9934,100011323840,5,"2020-05-21 11:35:20","外形外观：很好
安装服务：可以，满意"
9935,100011323840,5,"2020-06-24 11:50:18",师傅安装好态度好，很满意
9936,100011323840,5,"2020-06-20 18:24:20",安装服务：非常满意，师傅人超好！
9937,100011323840,5,"2020-06-06 19:34:56",安装服务：关键就是服务，真到位！
9938,100011323840,5,"2020-06-03 19:44:09","安装服务：服务态度很好！师傅很用心！
外形外观：好看洋气"
9939,100011323840,5,"2020-05-31 11:41:33","送货很快 安装师傅很热心"
9940,100011323840,5,"2020-07-04 17:59:59",安装服务：非常好，还包装辅材
9941,100011323840,5,"2020-06-21 18:33:29",外形外观：外观很漂亮，安装很快
9942,100011323840,5,"2020-06-03 10:48:10",安装服务：师傅按装非常好，满意
9943,100011323840,5,"2020-05-13 10:52:53",安装服务：机器已安装好，很满意！
9944,100011323840,5,"2020-06-06 16:25:01","安装师傅很专业
外形外观：完好"
9945,100011323840,5,"2020-06-03 19:53:55","安装服务：师傅非常好 非常专业"
9946,100011323840,5,"2020-05-27 16:08:13",安装师父服务态度非常好
9947,100011323840,5,"2020-06-20 12:40:51",安装服务：安装师傅态度非常好，服务到位，提前预约时间，讲解清晰明了，非常给力
9948,100011323840,5,"2020-05-08 16:07:48",安装服务：非常满意，小伙子加油！
9949,100011323840,5,"2020-03-21 10:23:31",安装服务：师傅超负责，服务很赞
9950,100011323840,5,"2020-05-07 11:25:26",下着雨，师傅****很好
9951,100011323840,5,"2020-05-29 12:46:37",很不错的宝贝！，值得购买！！！
9952,100011323840,5,"2020-06-15 14:47:44",物流很快，安装师傅也很给力。
9953,100011323840,5,"2020-07-10 16:19:22",安装好，售后服务特别好?
9954,100011323840,5,"2020-06-03 21:52:49",价格刚刚好，发货很快，做活动买的很划算，经常做活动，比在实体店买的还便宜，以后做活动了还要继续买价格刚刚好，发货很快，做活动买的很划算，经常做活动，比在实体店买的还便宜，以后做活动了还要继续买必须五星好评！
9955,100011323840,5,"2020-06-19 23:57:09",挺好用，超出预期了。
9956,100011323840,5,"2020-05-13 14:32:02","安装服务：很好很专业
外形外观：漂亮
恒温效果：可以
耗能情况：很好
噪音大小：可以
出水速度：很快"
9957,100011323840,5,"2020-06-11 12:35:10",产品不错，美的售后很好。
9958,100011323840,5,"2020-06-20 21:36:55",很好看，安装师傅也靠谱
9959,100011323840,5,"2020-06-11 17:30:01",安装师傅很细心，很专业
9960,100011323840,5,"2020-06-21 21:07:43",安装服务：好评，师傅很用心！
9961,100011323840,5,"2020-06-07 14:30:25",安装速度很快，外观好看
9962,100011323840,5,"2020-05-29 14:11:22",送货和上门安装都很快
9963,100011323840,5,"2020-06-07 12:41:39",安装完成，服务很满意！
9964,100011323840,5,"2020-05-12 14:47:25",师傅非常细心，非常满意
9965,100011323840,5,"2020-04-08 12:46:38",安装服务：很安心，活干得仔细?
9966,100011323840,5,"2020-04-28 12:19:28",安装服务：师傅很专业很认真。
9967,100011323840,5,"2020-07-02 18:10:37",安装师傅非常棒！好评
9968,100011323840,5,"2020-06-10 10:15:09",安装很不错，五星好评！
9969,100011323840,5,"2020-06-27 12:31:11",安装非常好，非常专业
9970,100011323840,5,"2020-06-20 21:29:40",618价格很到位，服务很OK
9971,100011323840,5,"2020-06-02 17:41:26",速度很快，很不错好用
9972,100011323840,5,"2020-06-06 14:31:46",还没装，配送服务很好
9973,100011323840,5,"2020-06-13 16:40:56",服务很OK，必须给个赞?
9974,100011323840,5,"2020-06-02 17:30:20","安装服务：安装师傅很好，非常热情
外形外观：很漂亮"
9975,100011323840,5,"2020-05-20 16:20:53","外形外观：很漂亮大气
安装服务：非常好(?▽?)"
9976,100011323840,5,"2020-05-13 11:51:09","安装服务：服务很满意 师傅态度也很好"
9977,100011323840,5,"2020-07-08 09:44:09",安装服务：安装师傅很负责，帮助安装了很好，态度很好，很满意。
9978,100011323840,5,"2020-06-03 13:05:29",安装服务：安装师傅服务到位，很专业，服务态度非常好。
9979,100011323840,5,"2020-06-20 14:30:34",很好，速度非快，质量很好
9980,100011323840,5,"2020-04-15 11:54:46","出水速度：非常好
噪音大小：几乎没有
外形外观：太美啦"
9981,100011323840,5,"2020-04-12 15:03:23",安装服务：服务很满意，安装很迅速，服务态度很好
9982,100011323840,5,"2020-04-03 15:38:37","外形外观：优美大气
噪音大小：小
安装服务：很好
出水速度：很快。"
9983,100011323840,5,"2020-06-20 10:38:51",上门安装服务态度好，上门及时，非常满意
9984,100011323840,5,"2020-06-12 14:56:47",安装师傅十分负责，很专业，服务态度好
9985,100011323840,5,"2020-05-10 13:57:46",安装服务态度很好，并且很快！
9986,100011323840,5,"2020-06-09 11:50:42",安装服务：很好，师傅专业，速度也很快。
9987,100011323840,5,"2020-06-27 12:12:38",安装服务：师傅非常负责，有耐心，5星好评！！！
9988,100011323840,5,"2020-06-06 10:59:09","安装服务：很专业 很仔细 服务态度好 非常满意"
9989,100011323840,5,"2020-06-24 10:43:39",安装服务：师傅安装速度快，很专业，服务态度好。好评
9990,100011323840,5,"2020-07-04 19:34:59","外形外观：非常高级
安装服务：安装师傅非常贴心 专业 非常感谢他"
9991,100011323840,5,"2020-04-28 07:37:12",收到了，还没有安装使用，送货非常快
9992,100011323840,5,"2020-06-26 12:01:55",安装服务：很满意！非常满意
9993,100011323840,5,"2020-06-12 14:50:04","送货挺速度 ，安装师傅服务态度非常好！很专业"
9994,100011323840,5,"2020-06-24 22:37:12","外形外观：高端大气
出水速度：出水速度很快
安装服务：师傅服务态度很好，细致，专业！"
9995,100011323840,5,"2020-05-02 16:57:32",安装很专业，服务态度好，收费合理。
9996,100011323840,5,"2020-06-16 12:30:54",安装师傅很给力，服务很到位！！！
9997,100011323840,5,"2020-06-20 10:53:14",安装服务：服务周到，安装师傅很细心
9998,100011323840,5,"2020-06-06 16:26:16","外形外观：很好
恒温效果：安装好，满意准时"
9999,100011323840,5,"2020-04-18 18:00:42",安装服务：安装满意，服务态度很好，点个赞
10000,100011323840,5,"2020-06-26 14:57:23",美的售后服务很好，安装师傅很专业。
10001,100011323840,5,"2020-06-18 16:43:08",安装服务：安装师傅特别热情，服务也好，我不在小区，来回让师傅跑了好几套
10002,100011323840,5,"2020-05-02 17:40:19",安装服务：服务一级棒，安装美观大气
10003,100011323840,5,"2020-05-06 08:20:13",物流快，安装也很速度，物美价廉
10004,100011323840,5,"2020-07-01 22:19:01",安装服务：非常满意、专业、及时、安装效果好
10005,100011323840,5,"2020-07-01 16:57:21","外形外观：很时尚，好看
恒温效果：还不错
安装服务：安装服务很到位"
10006,100011323840,5,"2020-06-07 13:46:17",准时上门，安装服务非常好?
10007,100011323840,5,"2020-05-13 12:09:28","安装服务师傅很好 安装快"
10008,100011323840,5,"2020-07-05 16:17:57",安装师傅态度很好很专业
10009,100011323840,5,"2020-06-29 17:13:13",安装非常满意，师父人很好
10010,100011323840,5,"2020-05-14 12:36:07",安装服务：安装非常好，速度快。
10011,100011323840,5,"2020-04-24 13:37:12",安装服务：安装好了！很好！
10012,100011323840,5,"2020-06-03 14:41:28",安装服务：服务到位十分满意
10013,100011323840,5,"2020-06-03 13:58:32","外形外观：非常漂亮！
安装服务：很好
恒温效果：还没使用，希望效果很好"
10014,100011323840,5,"2020-06-07 17:37:18",师傅安装很好，很敬业
10015,100011323840,5,"2020-05-18 17:37:10",安装服务：安装很好很专业！
10016,100011323840,5,"2020-06-14 16:35:57","安装服务：非常好 安装很好"
10017,100011323840,5,"2020-03-10 14:36:12",安装服务：安装很满意，服务不错！
10018,100011323840,5,"2020-06-03 15:13:33","安装服务：服务很好
外形外观：好"
10019,100011323840,5,"2020-04-22 14:49:35",安装师傅很细心，很满意！
10020,100011323840,5,"2020-07-04 13:34:43",安装非常满意，谢谢！
10021,100011323840,5,"2020-05-14 15:58:45",安装师傅很负责任，很满意
10022,100011323840,5,"2020-06-20 15:37:33",安装服务：安装非常满意，不错。
10023,100011323840,5,"2020-05-20 12:04:46",安装服务：热情。。专业。很满意
10024,100011323840,5,"2020-05-23 17:28:56",安装服务：安装师傅很有耐心，送货很快，满意，用后感受现在还没法评论，刚安装哈哈
10025,100011323840,5,"2020-07-02 11:44:41",机子很漂亮时尚大气，大屏显示，做工精细，质量不错，带预约功能，但暂时未安装，等安装后来说体验感
10026,100011323840,5,"2020-04-18 17:09:24",京东物流很快，安装小哥服务很到位
10027,100011323840,5,"2020-06-19 16:02:25",安装好，服务很好，很满意。
10028,100011323840,5,"2020-06-03 13:45:43",安装师父很负责，安装快速，好评！
10029,100011323840,5,"2020-06-18 18:03:42","安装服务：安装很好，师傅很棒，很有耐心。
外形外观：很漂亮
恒温效果：很舒服
噪音大小：小
出水速度：快
耗能情况：少"
10030,100011323840,5,"2020-06-20 15:09:53",安装师傅很专业！安装很满意！
10031,100011323840,5,"2020-05-14 15:58:14","外形外观：好看
安装服务：安装师傅态度特别好 效率快 点赞?"
10032,100011323840,5,"2020-07-04 17:47:06",对安装师傅非常满：五星好评
10033,100011323840,5,"2020-06-11 14:07:43",安装服务：安装规范，服务态度很好
10034,100011323840,5,"2020-07-10 16:00:38",安装服务：好，师傅很认真安装
10035,100011323840,5,"2020-06-03 15:11:13",安装服务：师傅服务态度很好，
10036,100011323840,5,"2020-04-26 16:21:06",师傅安装专业，很好，
10037,100011323840,5,"2020-06-13 16:25:43",安装服务：对安装师傅非常满意，很细心
10038,100011323840,5,"2020-04-26 16:27:05","安装完成 服务非常好  非常满意"
10039,100011323840,5,"2020-05-05 20:30:04","安装服务：很好
出水速度：很快
外形外观：漂亮大方
恒温效果：很好"
10040,100011323840,5,"2020-06-20 15:58:27",热水器很好，安装师傅服务很好，
10041,100011323840,5,"2020-07-08 22:09:44","外形外观：漂亮
恒温效果：非常好
噪音大小：不大
出水速度：非常快
安装服务：服务态度好，"
10042,100011323840,5,"2020-06-23 16:42:34",安装师傅安装的非常好，速度非常快。赞
10043,100011323840,5,"2020-07-10 14:29:56","外形外观：美观大气
安装服务：安装师傅很专业，服务很好"
10044,100011323840,5,"2020-06-24 09:45:59",安装师傅态度非常好，服务也好
10045,100011323840,5,"2020-06-24 12:56:03","外形外观：漂亮
热水器很棒，装修师傅也很负责"
10046,100011323840,5,"2020-06-26 20:17:48","外形外观：漂亮
耗能情况：正常
噪音大小：很小
安装服务：服务到位"
10047,100011323840,5,"2020-06-20 14:02:21",师傅服务非常好，产品OK～
10048,100011323840,5,"2020-06-27 11:14:30",安装服务很好，五星好评
10049,100011323840,5,"2020-06-27 10:31:29",对师傅安装非常满意，态度特别好
10050,100011323840,5,"2020-06-21 14:12:23","安装服务：非常好 师傅细心！"
10051,100011323840,5,"2020-06-06 15:14:32",师傅安装非常标准满意
10052,100011323840,5,"2020-06-24 17:22:26",安装服务：服务周到，安装师傅很细心。
10053,100011323840,5,"2020-05-23 10:27:46","安装服务：   安装服务很好
外形外观：： 外观好看大气"
10054,100011323840,5,"2020-06-26 11:44:37",师傅安装非常标准满意
10055,100011323840,5,"2020-06-07 08:43:27",安装师傅安装很好，服务很周到
10056,100011323840,5,"2020-06-28 18:53:40","非常好 很负责 安装的好"
10057,100011323840,5,"2020-06-20 11:16:15","外形外观：看着不错
安装服务：非常到位
恒温效果：不错
耗能情况：正常
快递小哥晚上11点多送来，非常辛苦，安装师傅也非常单位，非常满意！！！"
10058,100011323840,5,"2020-06-21 19:17:15",安装服务非常满意，好评
10059,100011323840,5,"2020-04-16 11:12:48",安装服务：安装师傅很专业！
10060,100011323840,5,"2020-06-07 16:22:27",安装服务：师傅服务态度非常好
10061,100011323840,5,"2020-06-20 16:29:19",安装服务：服务态度好！安装速度很快，东西使用效果不错
10062,100011323840,5,"2020-04-26 18:21:40","外形外观：很洋气
恒温效果：好
噪音大小：很小
出水速度：好
安装服务：师傅安装很到位
耗能情况：还可以"
10063,100011323840,5,"2020-06-08 13:47:45",外形外观：不错，很喜欢！6.1日零点买的，非常非常超值！这个价位无敌啦！零冷水16升，实际1&hellip;到手，还要啥自行车呢！房子还在装修，估计安装到两个月后了，实际使用效果到时候再追评吧
10064,100011323840,5,"2020-05-10 11:55:25",安装服务：师傅态度很好，也很专业。
10065,100011323840,5,"2020-06-14 13:20:29","外形外观：很不错
安装很好"
10066,100011323840,5,"2020-05-23 13:09:35",安装师傅很认真、负责、热情！
10067,100011323840,5,"2020-06-19 15:57:08",上门安装及时，服务态度很好
10068,100011323840,5,"2020-07-08 15:12:13",安装速度快，非常满意
10069,100011323840,5,"2020-06-12 21:55:41",安装服务：服务态度好，很满意。
10070,100011323840,5,"2020-06-29 02:09:59","外形外观：很美
出水速度：很大
安装服务：很好"
10071,100011323840,5,"2020-06-21 12:02:27",安装服务：安装师傅很专业。???
10072,100011323840,5,"2020-06-13 12:11:55","外形外观：大气漂亮
安装服务：安装非常满意"
10073,100011323840,5,"2020-05-14 10:17:59","外形外观：好看
安装服务：安装很快，师傅很专业，态度也好！"
10074,100011323840,5,"2020-03-15 17:15:04","安装师傅很认真，安装人员服务态度好 ，安装很到位，安装很及时，安装人员很专业，安装规范"
10075,100011323840,5,"2020-07-10 16:49:15",安装师傅认真负责，安装完美，现场干净
10076,100011323840,5,"2020-06-07 12:10:26",安装服务：安装服务很到位，不错！
10077,100011323840,5,"2020-06-13 18:34:09",送货快，安装师傅非常专业，服务满意。
10078,100011323840,5,"2020-06-25 10:32:14",准时安装，师傅专业，服务非常满意
10079,100011323840,5,"2020-06-14 11:35:04","外形外观：外观好看
安装服务：安装很好，非常满意"
10080,100011323840,5,"2020-06-02 12:14:10","安装服务：很满意，安装很仔细认真
外形外观：外观漂亮
出水速度：出水量大"
10081,100011323840,5,"2020-06-01 19:49:34",安装很专业，服务态度很好?
10082,100011323840,5,"2020-06-13 14:52:16",安装师傅服务态度非常好！！！
10083,100011323840,5,"2020-06-06 10:17:27","师傅安装很好 很满意"
10084,100011323840,5,"2020-06-14 13:32:35","出水速度：比较理想
安装服务：安装服务很满意，收费合理"
10085,100011323840,5,"2020-05-22 14:58:25",安装服务：安装非常贴心，细致，服务态度非常好！
10086,100011323840,5,"2020-05-02 18:46:41",安装服务：服务周到，非常满意！
10087,100011323840,5,"2020-06-19 11:19:01",安装服务：师傅安装速度快，服务态度好，收费合理，非常满意。
10088,100011323840,5,"2020-06-27 11:04:59",安装很满意1，师傅服务态度好
10089,100011323840,5,"2020-06-21 12:49:32","安装服务：安装师傅很细心，
外形外观：对机器很满意，给个5星"
10090,100011323840,5,"2020-05-06 20:18:02",安装服务：安装师傅非常认真细心负责
10091,100011323840,5,"2020-06-21 17:27:54",安装服务：服务态度好，技术高超，安装满意！
10092,100011323840,5,"2020-06-20 12:39:58",安装师傅服务很好，满意
10093,100011323840,5,"2020-06-20 13:11:38","安装师傅服务很好  安装也很及时"
10094,100011323840,5,"2020-05-27 23:14:41",安装服务：安装水平专业，服务态度好！五星好评！
10095,100011323840,5,"2020-05-27 16:23:07",安装服务：安装已好，很满意
10096,100011323840,5,"2020-06-13 11:59:55",安装服务：师傅水平很好，服务态度好，安装满意
10097,100011323840,5,"2020-06-13 15:51:24",安装服务：安装师傅安装很仔细，服务很到位。
10098,100011323840,5,"2020-05-05 17:48:40",安装服务：安装及时，服务态度好，很满意
10099,100011323840,5,"2020-05-15 12:34:37",安装服务：安装完成，非常满意！
10100,100011323840,5,"2020-07-02 09:54:14",对安装师付非常满意，工作认真负责
10101,100011323840,5,"2020-06-23 17:56:22",师傅安装服务态度很好。
10102,100011323840,5,"2020-05-05 16:53:57",安装服务：安装施工非常满意。
10103,100011323840,5,"2020-05-02 12:51:10",安装服务：师傅已经****，安装好了，收费合理。很满意的一次购物！！
10104,100011323840,5,"2020-06-19 13:11:54",安装服务：安装很满意，师傅很好
10105,100011323840,5,"2020-06-21 17:30:43",安装师傅很好很专业！
10106,100011323840,5,"2020-06-28 11:27:36","外形外观：简单大方
安装服务：安装师傅非常细心负责"
10107,100011323840,5,"2020-07-05 17:11:50",以安装完成，非常满意
10108,100011323840,5,"2020-06-20 20:09:00","外形外观：好看
恒温效果：很好
噪音大小：小
出水速度：快
安装服务：好服务
耗能情况：低"
10109,100011323840,5,"2020-06-03 19:03:26",安装服务：安装满意。服务太度好！
10110,100011323840,5,"2020-06-20 19:21:02",产品装好，服务满意，很周到！
10111,100011323840,5,"2020-06-12 16:43:58",安装服务：师傅安装非常到位
10112,100011323840,5,"2020-07-07 18:45:32",安装服务：对于安装师傅服务态度很满意，安装技术很专业而且很细心！
10113,100011323840,5,"2020-06-02 12:35:55",安装服务：售后服务非常满意
10114,100011323840,5,"2020-06-03 12:44:58",安装服务：安装师傅非常尽心，很满意！
10115,100011323840,5,"2020-06-19 17:28:50","安装很好   安装师傅服务很到位"
10116,100011323840,5,"2020-06-21 09:08:45",安装服务：安装小哥哥很棒，服务态度也很好，好评
10117,100011323840,5,"2020-05-25 15:41:28",质量非常好，与卖家描述的完全一直致，客服态度很专业热情，安装师傅很专业，安装熟练，服务周到热情，很满意的一次购物
10118,100011323840,5,"2020-06-20 18:58:23",师傅态度很好，安装到位
10119,100011323840,5,"2020-06-04 12:00:32",安装很满意，服务很好
10120,100011323840,5,"2020-03-22 14:32:34",安装服务：小哥非常专业，十分满意！！！
10121,100011323840,5,"2020-06-12 16:12:58","外形外观：外观非常喜欢
安装服务：安装及时，服务很好。"
10122,100011323840,5,"2020-04-18 15:17:37",安装服务：安装服务态度很好。
10123,100011323840,5,"2020-06-21 16:02:31",安装非常到位，很满意！
10124,100011323840,5,"2020-07-05 13:32:46",安装服务：安装服务非常满意，很高兴的购物验
10125,100011323840,5,"2020-06-19 20:18:11",安装服务：非常满意，服务很好。
10126,100011323840,5,"2020-06-26 17:21:59",安装服务：安装服务好，很满意！
10127,100011323840,5,"2020-06-19 10:48:06",安装服务：安装满意，师傅很好！
10128,100011323840,5,"2020-06-10 18:21:57",安装很满意，服务态度很好。
10129,100011323840,5,"2020-06-02 12:36:47",安装服务：师傅很专业，安装态度也好，满意！
10130,100011323840,5,"2020-05-27 16:10:43",安装服务：安装师傅马志刚非常专业，服务非常好。
10131,100011323840,5,"2020-06-20 13:33:01",安装服务：好，安装服务非常好。点赞
10132,100011323840,5,"2020-05-13 16:08:24",安装服务：安装服务专业，态度很好。
10133,100011323840,5,"2020-05-19 13:04:09",安装好，服务非常满意
10134,100011323840,5,"2020-06-20 11:03:34",安装服务：师傅专业，服务好，非常满意
10135,100011323840,5,"2020-06-21 14:49:34","安装服务：安装非常满意，速度快。服务态度好
出水速度：挺快的
外形外观：满意
恒温效果：满意"
10136,100011323840,5,"2020-05-29 23:13:58",质量非常好，与卖家描述的完全一直致，客服态度很专业热情，安装师傅很专业，安装熟练，服务周到热情，很满意的一次购物
10137,100011323840,5,"2020-06-21 12:19:49",安装师傅服务态度好，安装效果好！服务很满意！
10138,100011323840,5,"2020-06-07 16:27:31","安装服务：安装服务满意 师傅很好"
10139,100011323840,5,"2020-06-14 09:20:24","安装服务：师傅的安装服务太好了，技术好 。"
10140,100011323840,5,"2020-06-21 11:26:48",安装服务：安装完成非常满意
10141,100011323840,5,"2020-05-11 11:21:19",安装服务：安装很及时，服务态度很好。后期使用看效果
10142,100011323840,5,"2020-03-18 18:33:32",安装服务：安装服务非常满意
10143,100011323840,5,"2020-05-11 11:26:43",对安装师傅服务非常满意
10144,100011323840,5,"2020-05-03 14:09:20",安装服务：安装师父很热情，服务很满意
10145,100011323840,5,"2020-06-20 16:23:36",安装服务：服务态度好，非常满意
10146,100011323840,5,"2020-06-07 16:10:19","外形外观：外观很好看
安装服务：安装师傅很细心"
10147,100011323840,5,"2020-06-02 17:33:51",安装服务：安装师傅非常专业，服务非常好，很满意
10148,100011323840,5,"2020-06-02 18:38:12",安装服务：安装服务态度很好
10149,100011323840,5,"2020-06-20 13:08:45",安装服务：安装很好，非常满意
10150,100011323840,5,"2020-05-02 11:21:52","安装服务：师傅安装认真 服务态度非常好"
10151,100011323840,5,"2020-06-24 15:48:46",安装服务：师傅服务态度很好，安装过程给各种好的意见，服务很棒。安装好服务满意
10152,100011323840,5,"2020-06-19 14:09:08",安装服务：安装服务态度很好
10153,100011323840,5,"2020-06-22 11:57:45","安装服务：安装服务好已安装完成 非常满意"
10154,100011323840,5,"2020-07-03 11:26:48","安装服务：师傅安装非常快捷，整体布局很是满意！五星好评送上
外形外观：很满意"
10155,100011323840,5,"2020-06-05 10:33:12",安装服务：安装师傅服务态度很好
10156,100011323840,5,"2020-06-11 17:01:51",安装服务：安装师傅非常专业服务态度非常好
10157,100011323840,5,"2020-06-19 16:20:43",安装服务：安装满意，态度很好
10158,100011323840,5,"2020-06-12 12:31:22",安装非常满意.服务很好
10159,100011323840,5,"2020-03-19 11:40:04",安装服务：安装非常专业，服务给力！
10160,100011323840,5,"2020-06-29 19:14:23",安装服务：安装及时非常满意
10161,100011323840,5,"2020-06-20 15:33:48","安装服务：
师傅安装专业上门快，服务周到态度很好，机器好用"
10162,100011323840,5,"2020-06-19 17:57:59","安装师傅服务 很好 非常满意"
10163,100011323840,5,"2020-06-27 21:11:30",安装服务：服务非常好，安装很专业，五星好评！
10164,100011323840,5,"2020-06-02 11:24:53","安装服务：安装专业  服务态度很好
恒温效果：非常好
噪音大小：小
出水速度：快
外形外观：美丽大方"
10165,100011323840,5,"2020-07-04 10:33:54",安装服务：非常好，十分满意
10166,100011323840,5,"2020-05-23 14:11:40",安装服务：安装很到位，服务很专业
10167,100011323840,5,"2020-06-04 13:46:35",安装服务：安装服务态度很好，很专业！
10168,100011323840,5,"2020-05-25 14:43:37",安装服务：安装师傅服务特别好，收费非常合理，很满意
10169,100011323840,5,"2020-06-16 18:26:28","安装服务：安装小哥很细心 服务很周到！"
10170,100011323840,5,"2020-06-18 15:51:42",安装服务：师傅安装服务很好，很细心
10171,100011323840,5,"2020-07-10 18:17:38",安装服务：安装师傅很给力，服务很到位，好评
10172,100011323840,5,"2020-06-30 10:12:40","安装服务：安装服务非常好，收费合理。
出水速度：零冷水，出水好
外形外观：外形美观，大气"
10173,100011323840,5,"2020-07-05 12:23:55",安装服务：安装很好，非常满意。
10174,100011323840,5,"2020-05-26 13:40:18",安装服务：安装师傅专业，服务非常好！点赞
10175,100011323840,5,"2020-05-27 20:33:15",安装服务：安装师傅服务非常好，感谢?
10176,100011323840,5,"2020-06-21 19:19:33",安装服务：安装师傅工作认真负责，非常好的服务态度，十分满意
10177,100011323840,5,"2020-06-03 14:33:59",安装服务：安装服务非常满意
10178,100011323840,5,"2020-06-02 14:26:52",安装服务：售后服务安装非常好
10179,100011323840,5,"2020-06-04 13:50:27",安装服务：安装服务态度好非常满意
10180,100011323840,5,"2020-06-04 19:11:03",安装服务：安装服务态度非常好
10181,100011323840,5,"2020-06-07 13:19:41",安装服务：安装服务非常到位
10182,100011323840,5,"2020-06-07 16:27:07",安装服务：安装师傅服务非常好！
10183,100011323840,5,"2020-03-22 22:14:29",外形外观比较方正简单大气，渐变触摸屏又不失时尚和新潮的感觉。今天安装好专门洗个澡体验一下，恒温效果还是不错的。出热水的速度也很快，打开零冷水模式，几乎是秒热。至于噪音还能接受，声音是属于低沉发闷的那种声音。安装比较快捷，从卸下来旧机到安装好新机也就半个小时，安装师傅对于讲解操作和机器工作原理比较细致，虽然对于专业的东西听的不是太明白，但是还是感觉非常有耐心热情的！
10184,100011323840,5,"2020-03-13 17:20:18","外形外观：颜值高，极光大屏显示
恒温效果：水温波动小，洗澡不担心
噪音大小：小，同类产品中优秀
出水速度：可以，跟自来水冷水阀速度差不多
安装服务：安装专业，装配细致
耗能情况：功率节能
热水器简洁美观，大屏颜值高，即开即热，16升供热水满足需求，抗菌水箱冬季可以热水洗碗盘。热水器安全也有保障，还可以网络操作，方便使用"
10185,100011323840,5,"2020-05-26 14:32:23","外形外观：外观时尚，大屏显示，操作简单，图一是原来的老款，打不着火了，图六是现在的新机，确实不错。
安装服务：安装小哥介绍详细，提供了好几种安装方案，整个安装过程很认真负责，新配件一目了然，价格合理。
噪音大小：使用过程中噪音还好，出水量大，温度适宜，确实不错。"
10186,100011323840,5,"2020-05-01 07:35:55",还没有通气，装修房，h型单通管只能接到最远端的洗手台下面，小哥说不影响效果。美的现在都推自己的智能家居app，可以远程操作。零冷水的原理就是通过后单通管将冷水管道与热水管道连接起来行程回路，热水器在热水管增压高于冷水管的压力，使热水充满冷水管路。可以设置定时间段热水器自动启动保持回路里的水是热水，也可以单次启动一个热水循环。
10187,100011323840,5,"2020-03-10 11:59:10",外观不错，主要是恒温，洗澡再也不用忽冷忽热了，真正的零冷水，开水龙头就是热水，真的不错，大品牌值得信赖，还保修8年，值
10188,100011323840,5,"2020-04-07 00:10:09","这款美的（Midea）16升增压零冷水燃气热水器天然气 一键厨房洗智能变升随温感APP控制渐变大屏JSQ30-JM9可以的，性价比蛮高的，然后款式多时尚的，整体看着相当大气，质感不错，我自己也是才购不久的，"
10189,100011323840,5,"2020-05-28 18:21:20",家里通燃气的前几天就挑选了这款燃气热水器，京东物流没得说。本地仓下单后次日就送到。通气当天就联系安装师傅上门安装。总体来说还算可以，零冷水虽然不是我之前想象中的一开水龙头就出热水，但是出热水的速度还能接受。工作时的噪音我也不知道算不算大，反正我觉得有点大不过还能忍受，毕竟装在生活阳台上。没有对比过其他品牌的燃气热水器噪音有多大。总之，比电热水器快捷方便了很多。
10190,100011323840,5,"2020-06-18 12:18:32",这款燃气热水器看了很久，到家安装后效果很好，好看，试了零冷水，有效果，但不是很明显，可能刚安装，需要一段时间使用
10191,100011323840,5,"2020-07-04 15:53:09",机器泛着一层古铜色，面板为渐变效果，透露出90年代歌舞厅般霓虹闪烁的效果，一秒即出热水，还是挺靠谱的，老实说，自己一个人不需要这个，老电热水器可以再战十年，主要孩子不愿意等待烧水的时间，美的师傅安装认真，希望长久使用！
10192,100011323840,5,"2020-03-17 13:42:57",家里装修进行中，看到这款热水器挺喜欢，外形美观大气，采用渐变大屏，16升大容量零冷水，还有一键厨房洗很方便。之前家里买过两台美的热水器都没问题，而且8年售后服务，这次又赶上优惠活动，所以果断下手囤货了，后期安装了以后再追评。
10193,100011323840,5,"2020-06-20 18:41:08","搞得非常好，后期服务好，安装好
外形外观：蛮好
目前情况是不错，还要继续看，看以后怎么样。
要继续观察，师傅预约及时到位。肯定可能啦！
目前情况是不错，还要继续看，看以后怎么样。
请继续努力，京东就是好。
要继续观察，师傅预约及时到位。肯定可能啦！"
10194,100011323840,5,"2020-05-05 09:17:10","外形外观：金色看上去非常高大上，有质感。
恒温效果：特地用了一段时间来评价的，洗澡的时候不会一会冷一会热的，带小孩洗澡不怕被烫着或冻着。
噪音大小：机器运转的时候有一点声音，不过已经算小的了，不影响。
出水速度：出热水速度挺快的，十五秒吧估计。
安装服务：安装师傅挺负责的。
耗能情况：还可以，低耗能的。"
10195,100011323840,5,"2020-05-13 15:29:53","外形外观：外观挺好看的，16升的，并不看大，整机金属色，彩色面板，看上去很有高级感
噪音大小：噪音很低，可以接受，比以前用的底很多
出水速度：出水还是不错的，不知道带不带增压，假如有增压更好了
耗能情况：很省的，不错
恒温效果：水温还可以，没有感觉到忽冷忽热"
10196,100011323840,5,"2020-05-20 16:19:13",外观时尚大气，颜色也漂亮还是大屏显示的，师傅已经来安装好了，不过新房现在天然气还没有开通，没有试过，等以后用过再来追评吧。
10197,100011323840,5,"2020-04-28 16:36:51","非常舒服
恒温效果：出水恒温
出水速度：于我家的卫生间的热水管道距离热水器的比较远，之前的热水器要开水等两分钟才有，现在只要 开零冷水，一下就出热水了
噪音大小：噪音也不算大，可以接受
安装服务：师傅安装非常认真负责，也没有多收费用
外形外观：外观漂亮，屏幕大"
10198,100011323840,4,"2020-06-03 08:19:57","外形外观：外观相当好，大屏幕
噪音大小：噪音很大，比之前用的XX乐品牌的声音大很多
恒温效果：相当不错
安装服务：我是原来就用的其他品牌热水器，这次安装居然连八字阀都换了，原来的九牧的说不保，配件费就370多，有些觉得没必要，原装的水管都没用，热水器安装低了，下面的燃气管卡的很近，外面的烟囱探出去很长不知道下午会不会渗水进入，烟囱外面稍高里面低，安装感觉一般。"
10199,100011323840,5,"2020-04-12 21:18:00","东西挺好的，选择美的主要是因为大品牌，而且有报告保修政策，相信大品牌的售后。
目前使用来看，外观漂亮，热水烧的快，零冷水模式也挺好用，安装师傅也很负责，燃气热水器值得购买"
10200,100011323840,5,"2020-04-04 16:17:24",还不错，提前打开，洗澡时直接有热水出，好像是循环的，目前出现过一次，没打着火的情况，厨房出热水最快&hellip;&hellip;听说好评有音响送&hellip;&hellip;到底有没有啊，客服
10201,100011323840,5,"2020-06-24 12:15:02","外形外观：简单时尚，大屏显示
噪音大小：声音比较小
安装服务：安装师傅比较有耐心"
10202,100011323840,5,"2020-06-27 19:47:37",只能零冷水不太灵敏，最远出水口开关两次有时候不能识别，中途关后再次打开用还是会有段儿3-4秒的冷水，总体价位便宜，使用感受还是可以，安装师傅很好，之前没安好，提出来都整改到满意为止，还是好评
10203,100011323840,5,"2020-06-05 10:49:04",装上了，感觉没有原来的水热不过这个洗着相对舒服，主观感受水柔和了
10204,100011323840,5,"2020-06-20 19:38:08",出热水比较快，零冷水功能不经常使用，如果厨房和卫生间距离比较近的话没有必要使用零冷水
10205,100011323840,5,"2020-06-27 11:53:24",外观外形有设计感，颜值很高，有零冷水功能，配置很高，功能齐全，安装师傅服务到位。但是京东物流太暴力了，热水器外壳被磕瘪了，一检查发现包装盒及保护泡沫都破了，既然已经弄坏了就不要送货了呀，没等我们验收放下东西就走也是不太负责了
10206,100011323840,5,"2020-06-03 10:34:39","这次购买经历我要吹爆，实在太贴心了！周一晚上洗澡时发现服役11年的热水器坏了，其实之前就不断有小问题，这次是彻底坏了。考虑到家里还有两个2岁多的小宝，马上就上网看了几个贴，确定了美的这个零冷水的，京东连夜下单了。
预计是周三送到，但经我和客服mm反复协商，她同意提前安排我的单，结果周二下午送到。安装师傅本来客服安排在周三上午的，热水器一送到，我就和师傅电话协商，他从百忙中抽时间赶到我家，前后近1个小时，连拆带装带调试，一切OK。安装免费，拆旧机30，装新机加两根水管线材料费40，一共70搞定。
装好试了就没什么问题，晚上实际洗也很满意，特别是零冷水，开机等1分钟左右，从小阳台到洗浴间，开花洒2秒就是热水了，之前洗基本要大塑料桶接大半桶冷水的，冬天洗澡那叫一个难受。
旧机到新机的完美过渡，代表家里2个宝宝谢谢了。"
10207,100011323840,5,"2020-06-17 23:35:28","外形外观：外形外观方正简单，颜色也好看，还是可以呢，有个触屏，点下就有反应，
恒温效果：恒温效果嘛，不懂为啥不用热水过了会再用，先是出热水，然后又变成了冷水，
噪音大小：噪音还行吧，可能涡轮动的时候会有点噪音，
出水速度：速度快，
安装服务：好，快，
耗能情况：也不费天然气和电"
10208,100011323840,5,"2020-06-22 20:15:15",我选这款热水器，主要是看起了零冷水功能，在末端安装H阀可以不用安装回水管，但是对于新房还是建议安装回水管，大容量16L，足够同时洗碗，洗澡，还支持APP功能，可以预约热水，真的是太方便了，有了这个就可以随时用热水了。
10209,100011323840,5,"2020-07-01 21:34:45","外形外观：观 大气
恒温效果：零冷水，烧好之后每个地方都有热水
噪音大小：没有注意，在阳台上，房子里听不见噪音。
安装服务：安装师傅挺辛苦的，安装到晚上12点了，就是来的有点迟，比预约的晚了几个小时，可能618太忙了吧。
耗能情况：暂时还没测出来，等用一段时间再来追评。"
10210,100011323840,5,"2020-05-06 14:20:44","外形外观：外观不错，没有划痕。主流金色。显得高档
噪音大小：还可以接受
恒温效果：恒温效果不错，暂时没有发现问题。
出水速度：出水速度可以，
安装服务：虽然有收费。但是价格合理。还可以接受。
耗能情况：所有热水器都是二级能效，这个没什么评价的。
综合情况在所愿价位里面是最合理的。推荐使用"
10211,100011323840,5,"2020-03-08 19:34:25","外形外观：外观漂亮！显示屏大！显示清楚！显示内容详细
出水速度：出水速度！
安装服务：售后安装到位！安装认真！服务态度很好！
恒温效果：恒温很好！没什么感觉变化！
噪音大小：声音有点大但是还是能接受的！"
10212,100011323840,5,"2020-03-26 15:04:15","外形外观：很漂亮，体积不大。
恒温效果：还没用，不太清楚，放了一会热水感觉还可以。
噪音大小：声音可以接受，不大。
出水速度：厨房出热水速度反正挺快的。
安装服务：安装师傅服务态度很好。
耗能情况：不太清楚。"
10213,100011323840,5,"2020-06-12 11:46:46",之前一直用电热水器。新房厕所空间不大，用电热水器比较占地。开始研究燃气热水器。燃气热水器现在零冷水比较多，就是需要回路，有两种办法，一种是在终端放回水阀，一种是提前在装修时做好回水管，看了下美的这款颜值高，16L够一家三口用了，不占地，就是装修麻烦了点。
10214,100011323840,5,"2020-06-17 10:33:17","外形外观：喜欢这款热水器，一眼就被它的颜值吸引了，没想到实际颜值比图片更好看。
安装服务：买了一个多月了，昨天才联系安装，因为房子装修还没完成，所以安装师傅安装后还帮忙把热水器包起来，点赞美的安装师傅。"
10215,100011323840,5,"2020-03-29 23:02:20",外观好看，功能齐全，安装师傅也比较认真，目前还没有，用起来应该也会没问题，还是比较满意的
10216,100011323840,5,"2020-04-04 16:45:27",给新房买的，还未预约安装，师傅说要先通燃气，装好可以现场调试，外观挺好看的，水道孔里面有少许水流出，客服说是出厂检测会通水。等后面装好后再来评价用后体验感！！
10217,100011323840,5,"2020-06-27 18:30:07","外形外观：漂亮时尚，美观大方。
恒温效果：属实不错，燃气热水器就是比电热水器好一些，还省电。
噪音大小：噪音还是有的，不过做饭啥的声音也挺大，这个就无所谓了。
出水速度：和水压一样，满足日常需要了。
安装服务：安装师傅还可以，但是收费蛮高的
耗能情况：不太清楚，用一段时间在看吧"
10218,100011323840,5,"2020-05-11 00:26:46","外形外观：美观大方，超大显示屏
噪音大小：嗓音在可接受范围
安装服务：安装师傅热情周到，只可惜因是旧房安装，无法实现零冷水功能"
10219,100011323840,5,"2020-06-29 21:18:07","外形外观：漂亮美观，尤其是显示屏，彩虹色很不错
恒温效果：效果出众，零冷水效果还行
噪音大小：噪音肯定是有的，不过不严重吧，做饭也差不多这个声音
出水速度：基本和水压有关吧，速度也很快
安装服务：师傅安装了很长时间了，态度很好，收费蛮贵的
耗能情况：能耗比电热的要小很多，毕竟电热要热水还要一直待机保温"
10220,100011323840,5,"2020-04-10 11:03:03","外形外观：外观精致优雅大方得体
恒温效果：热水速度
噪音大小：声音不大
总得来说居家使用问题不大，推荐！"
10221,100011323840,5,"2020-06-06 12:24:39","外形外观：大气，漂亮，简单，
恒温效果：还没用，感觉颜值在，听安装师傅说是零冷水。安装时试了一下，出热水挺快的，隔的远的卫生间要排一些冷水了。
噪音大小：还没常用，安装试用时，放热水会有加热的声音，白天能接受，晚上可能会有点大！！美的算大牌了，应该好吧！
出水速度：不知道还没用，新房用
安装服务：安装提前打电话，货一到就安装，安装师傅很好，没有乱收费。
耗能情况：还没用，用了在追评。"
10222,100011323840,5,"2020-06-01 11:07:23",热水器用上了，原来家里水压小，热水器打不着火，加了增压泵都没用，换了这个之后连增压泵都免了，好
10223,100011323840,5,"2020-06-19 13:54:26",我不知道安装前要自己打孔，徒增不少烦恼。东西还是不错的，app操作就行了，热水也不会断，挺满意的。
10224,100011323840,5,"2020-04-11 21:21:35","外形外观：精美大方
恒温效果：666
噪音大小：不是太大
出水速度：还可以，大约4秒
安装服务：没话说
耗能情况：刚刚使用，暂不评论"
10225,100011323840,5,"2020-06-20 20:28:15",刚装上，还可以，安装师傅服务很好，很热情，机器运行的时候声音有点大，其他都还可以，等用用看看
10226,100011323840,5,"2020-03-30 18:13:51",热水器外观漂亮，安装师傅很麻利，装热水器和煤气公司通气一天搞定。零冷水H阀也装在主卧卫生间台盆下，浴缸龙头那里没有地方装。零冷水还没有完全掌握，后面再追加评论
10227,100011323840,5,"2020-03-11 17:17:47","安装服务：安装师傅态度好 有耐性
恒温效果：用了2天 间中会突然变冷水
整体来说还可以 还要等我换冷暖水龙头后才能体验一下零冷水功能"
10228,100011323840,5,"2020-05-02 14:27:58","安装服务：比较满意&hellip;&hellip;师傅还挺细心的
外形外观：挺不错的
出水速度：挺快的"
10229,100011323840,5,"2020-06-06 16:28:37","外形外观：当时选选择这款燃气热水器，最关键的就是觉得外观非常的漂亮，所以趁618过段入手
恒温效果：恒温效果很好，设置温度几乎没有温差
噪音大小：噪音也不大，机子没有抖动
出水速度：16升大升数出水很快
安装服务：师傅一看就是经过要格的培训，安装很麻利
耗能情况：能不能耗没关系，毕竟我家里没矿"
10230,100011323840,5,"2020-06-07 16:04:32","外形外观：大屏幕看着不错
安装服务：安装得比较整洁，安装小哥还是比较负责的"
10231,100011323840,5,"2020-06-07 17:04:55","安装服务：师傅安装快，动作麻利，服务态度好
外形外观：外观不错，比较大气
购买的时候有优惠，机子性价比高，还是零冷水"
10232,100011323840,5,"2020-03-31 01:32:45",外观大气时尚，声音不大能接受，出水还好因为我住顶楼，水压有点低，安装师傅不错，耗能回头加评，
10233,100011323840,5,"2020-06-19 20:46:34",1外形外观：外形方方正正，美观大方，屏幕是渐变屏，看起来高大上1恒温效果：刚安装还未使用，不能评论1噪音大小：噪音不大，在接受范围内1出水速度：了一下出水速度很快，水量也很大，1安装服务：
10234,100011323840,5,"2020-06-23 16:57:38","外形外观：好看好看
安装服务：安装速度快，售后师傅服务好
出水速度：可以
噪音大小：还可以
恒温效果：还没用
耗能情况：还不清楚"
10235,100011323840,5,"2020-05-03 13:35:08",水压力增大，没有实现零冷水，噪音比原来大，原来10升冷凝水的万和。
10236,100011323840,5,"2020-06-27 19:58:29","安装服务：安装速度快，师傅细致有耐心
耗能情况：低耗能，用电少
外形外观：外观美观，简约方便"
10237,100011323840,5,"2020-06-28 22:02:40","外形外观：中规中矩
恒温效果：还没试过
噪音大小：声音到是很小
出水速度：出水速度一般
安装服务：安装师傅很耐心也没有乱收费
耗能情况：中规中矩吧"
10238,100011323840,5,"2020-05-24 11:53:59",京东一直送货很快，不过安装出了点问题，还未通气，不知道使用如何，待以后追评！
10239,100011323840,5,"2020-04-04 13:14:22",整体物流速度快，外形美观，质量不错，噪音较小。
10240,100011323840,5,"2020-03-14 22:34:22",恒温效果：稳定的出水温度，方便厨房使用，调温方便，控制准确。旧热水器经常水压低而歇火，温度不稳定的现象全部解决，品牌的就是不一样。
10241,100011323840,5,"2020-06-21 15:35:50",出货速度快，服务态度好，因尚未装修好，暂未安装。
10242,100011323840,5,"2020-05-20 16:57:44","外形外观：金属外观大气上档次，彩色渐变屏非常的时尚
恒温效果：恒温效果可以，创新的H阀零冷水真的很实用
噪音大小：噪音稍微有些大，最求完美者，慎重选择
出水速度：热水出水速度较快，烧水效果不错
安装服务：安装师傅比较负责，二次上门进行H阀安装
耗能情况：二级能耗，耗电情况还好"
10243,100011323840,5,"2020-04-09 16:09:34","外形外观：外观不错，现没使用
安装服务：服务不错，及时省心"
10244,100011323840,5,"2020-03-11 20:14:10","安装师傅很尽责，装好后试了试，厨房洗自动设置38度，方便。进入到零冷水模式，循环加热完毕后，打开水龙头热水很快。
目前有一点搞不懂，就是在零冷水模式下，关了水龙头热水器还在工作，它不停么？"
10245,100011323840,5,"2020-03-31 23:24:30","外形外观：很好看，屏幕很大，比起七八年前的热水器有了些许科技感
恒温效果：还可以，基本没有忽冷忽热的情况出现
噪音大小：比之前老美的的热水器声音小
出水速度：零冷水很方便，设置好了基本可以即开即热
安装服务：师傅很负责任，由于现在冷水管里也都是热水，还没调节好，不过师傅来了两次了，比较负责任
耗能情况：肯定比之前10L的费气，但应该也能承受"
10246,100011323840,5,"2020-06-29 19:17:32",东西是提前买的，618买的还比较划算，等装修好再来安装。
10247,100011323840,5,"2020-06-07 20:40:33",暂时未开通燃气，不过看起来还不错，师傅安装也很专业，挺满意的
10248,100011323840,5,"2020-03-21 14:46:03",东西到了，因为疫情原因，房子无法装修，东西要等到安装师傅安装的时候才能开封，暂时还看不到，但是相信京东自营，必须5星
10249,100011323840,5,"2020-05-25 20:43:17",过程波折，美的售后服务还是不错的
10250,100011323840,5,"2020-05-17 11:29:24",外观大气，恒温效果好，噪音小，出水大。
10251,100011323840,5,"2020-05-01 17:13:32",安装小哥，服务到位。注意细节。
10252,100011323840,5,"2020-07-07 12:19:12",去年购买了一台，今年再买一台！噪音小，外观时尚，出热水快，而且一直信任美的，最关键的是性价比高呀！希望美的越做越好！
10253,100011323840,5,"2020-04-30 12:02:39","外形外观：不错
恒温效果：还行
噪音大小：不小
出水速度：有度
安装服务：满意
耗能情况：比之前的燃气热水器能耗高&hellip;&hellip;"
10254,100011323840,5,"2020-06-12 19:34:54",美观大方，送货及时，安装方便，价格实惠
10255,100011323840,5,"2020-07-09 09:46:20","外形外观：外形和其他的热水器一样，简简单单，方方正正。显示屏也还算比较大。
恒温效果：试用过几次，一开始出水要等几秒才有热水。但是不知道什么情况，有时候水温突然冷突然热。
噪音大小：声音有点大。
出水速度：出水速度还算可以，等几秒钟就有热水出来，但是如果调节到冷水，隔一分钟左右再开也还是要等几秒。
安装服务：师傅安装得很好。
耗能情况：不知道耗电量怎样，没有计算"
10256,100011323840,5,"2020-07-04 18:39:32","安装服务：师傅****满意
外形外观：外观外型不错
恒温效果：还没通气，没试
噪音大小：还没通气，没试
出水速度：还没通电，没试"
10257,100011323840,4,"2020-06-28 14:27:10","安装服务：安装服务很好，师傅很认真。
外形外观：外观好看 金色的机身
你其他的效果目前还没有使用，嗯，等好使用后再来追评。"
10258,100011323840,5,"2020-06-21 14:16:50",外形外观：体积倒是还行，比想象中的小，家里没装修好，等安装好用过后再追评
10259,100011323840,5,"2020-06-17 13:13:26",看着成品挺精致的应该用起来不成问题。大牌厂商的产品。值得信任可靠。希望售后服务及时，热情可靠。
10260,100011323840,5,"2020-05-11 08:09:47",家里新房交付了，准备开工装修，所以应设计师的要求，需要提前购买部分家电，趁着五一假期京东家电特惠活动，经济实惠，物流速度也快，果断下手。还没有开封，但是对京东自营一直信赖，也信赖厂家吧，希望后面用起来能够好用。
10261,100011323840,5,"2020-06-23 12:42:01","东西收到了 安装还满意 东西暂时没有用  感觉还行 具体的等用过了在说  感觉美的的还行吧。"
10262,100011323840,5,"2020-06-21 15:31:34","外形外观：好看
恒温效果：还没用
安装服务：比较好，师傅安装娴熟，哈哈"
10263,100011323840,5,"2020-06-21 13:03:48",还没用，但是安装师傅特别好。声音跟烧炉子似的
10264,100011323840,5,"2020-06-16 11:26:19",看着不错，新疆还没有通燃气，暂时还没有使用。外形质量看见都挺不错的，希望不错吧。
10265,100011323840,5,"2020-07-03 10:22:12","外形外观：简约大气
安装服务：精致，耐心，专业"
10266,100011323840,5,"2020-04-21 23:46:53","外形外观：外观漂亮，大气
恒温效果：保持恒温
噪音大小：有点，但是不影响
出水速度：均匀
安装服务：师傅很有责任心
耗能情况：和说明一样"
10267,100011323840,5,"2020-06-30 21:51:03",为新房子购买的，没搬家就一直没有用，6月1号黄金60秒买的，零冷水这款价格合适，吐槽的就是售后比较差！
10268,100011323840,5,"2020-06-03 13:22:37",外形外观：安装师付服务周到，工作细致，带人热情礼貌。
10269,100011323840,5,"2020-06-23 11:18:34",安装及时，服务态度好，安装师傅也没有乱收费，说清楚了才开始安装，安装及时，服务态度好，安装师傅也没有乱收费，说清楚了才开始安装，安装及时，服务态度好，安装师傅也没有乱收费，说清楚了才开始安装，品牌信任
10270,100011323840,5,"2020-06-11 19:57:38",第一次选择美的热水器，发货随机匹配了工程师，使用后追评
10271,100011323840,5,"2020-05-08 11:21:21",宝贝收到了。包装完好无损。等房子装修好了在安装。
10272,100011323840,5,"2020-03-28 21:23:01",已经安装好了，安装师傅还不错，后改的燃气热水器，只能钻孔加管子。先体验一下，好评。
10273,100011323840,5,"2020-06-19 15:46:43","外形外观：美观大方好
恒温效果：好
出水速度：快
噪音大小：小
耗能情况：小
安装服务：好"
10274,100011323840,5,"2020-03-17 18:29:09","出水速度：机器安装在1楼2楼使用出水还是很好的哦。
外形外观：外形看得不蠢，不是特别大，看着挺好看的。
耗能情况：这个耗能应该很低的，一级能效。
安装服务：安装师傅还可以的。"
10275,100011323840,5,"2020-06-06 16:44:25",外观时尚，出热水快，安装服务好！
10276,100011323840,5,"2020-04-14 18:27:21",美观大方，零冷水。大品牌值得信赖
10277,100011323840,5,"2020-07-06 18:48:35","安装服务：已安装完毕
  费用都有明细标准"
10278,100011323840,5,"2020-06-30 15:29:34","外形外观：好看
恒温效果：好
安装服务：好呀，免费的
耗能情况：低
信任的品牌"
10279,100011323840,5,"2020-05-10 14:55:33",这个热水器不错，外观也靓。安装师傅也专业，好快安装完。
10280,100011323840,5,"2020-04-21 14:47:37","外形外观：华丽大气
安装服务：售后不错，师傅挺有耐心而且给我讲解怎么使用
出水速度：再也不用抱着那个小花洒了，而且一直洗"
10281,100011323840,5,"2020-04-28 11:49:24","外形外观：完美
恒温效果：暂时还没用
噪音大小：还行
安装服务：负责
耗能情况：二级应该还可以吧!"
10282,100011323840,5,"2020-06-12 16:21:39","外形外观：看上去和图片一样
安装服务：因为有活动，免了大部分安装费"
10283,100011323840,5,"2020-07-05 18:24:30","外形外观：漂亮别致
恒温效果：还没试，应该不错
噪音大小：还没试，应该不错
出水速度：还没试，应该不错
安装服务：给力，小哥幽默
耗能情况：还没试，应该不错"
10284,100011323840,5,"2020-06-05 10:49:59","外形外观：好，时尚
安装服务：服务好，态度好。"
10285,100011323840,5,"2020-06-15 18:26:05","安装服务：安装师傅认真负责，点赞！！！
外形外观：漂亮
恒温效果：不错
噪音大小：声音较小
出水速度：出水快"
10286,100011323840,5,"2020-06-18 19:18:16",送货上门，小哥主动开箱验货，没问题，就等美的的人过来安装了
10287,100011323840,5,"2020-04-14 21:44:49","外形外观：外观时尚
安装服务：服务到位
噪音大小：装在入户花园，声音大小还行"
10288,100011323840,5,"2020-07-01 10:22:41","外形外观：挺好
其它情况还未知，待安装，一下子买了一大堆美的电器，我相信美的"
10289,100011323840,5,"2020-05-11 15:54:31",大品牌值得信赖，师傅上门安及时满意。产品待使用后才知道。
10290,100011323840,5,"2020-03-22 21:41:57","安装服务：送货安装都很及时。京东活动免安装辅材活动挺不错。
外形外观：外观还可以，挺好"
10291,100011323840,5,"2020-06-11 11:54:36","外形外观：可以
安装服务：安装满意
恒温效果：好
耗能情况：小
噪音大小：小
出水速度：快"
10292,100011323840,5,"2020-06-13 13:20:27",装上去了，还没用，美的大品牌值得信赖！
10293,100011323840,5,"2020-06-14 13:30:39","安装服务：安装满意
外形外观：好看
噪音大小：小
出水速度：快
恒温效果：好
耗能情况：小"
10294,100011323840,5,"2020-03-25 11:58:33","外观时尚 噪音小 出水快"
10295,100011323840,5,"2020-06-18 15:07:07","外观精致
外形外观：外观精致
噪音大小：噪音大
耗能情况：耗能低"
10296,100011323840,5,"2020-06-22 23:26:18",安装师傅技术过硬，美观，好看！
10297,100011323840,5,"2020-05-19 09:53:28",安装师傅专业快速。东西品质满意。
10298,100011323840,5,"2020-07-05 14:41:35","外形外观：简单大方
安装服务：安装迅速，准时到达。"
10299,100011323840,5,"2020-06-21 12:05:49",安装师傅认真负责，电器外观新颖。
10300,100011323840,5,"2020-04-04 07:05:09",好看，好用，性能好，省电省心，比较满意
10301,100011323840,5,"2020-06-19 09:19:15",货已收到，昨天??大雨物流小哥很敬业，外包装虽然有点淋湿，物流小哥没让打开包装，安装的时候如果有什么问题可以包换的
10302,100011323840,5,"2020-04-13 16:04:05",配送速度快，安装专业，安装人员耐心，态度好，好评！
10303,100011323840,5,"2020-06-21 10:20:28",H阀没有安装成功，安装师傅没有安装过，试了好久总是遇到E8错误，看在安装人员忙活了半天下就好评吧
10304,100011323840,5,"2020-04-05 14:59:08","外观比较小巧 出热水较快"
10305,100011323840,5,"2020-06-20 17:19:09",安装师傅安装的好，而且师傅搞告知免附财材，好评
10306,100011323840,5,"2020-06-20 17:17:17","恒温效果：水温合适
出水速度：出水快
噪音大小：噪音少
安装服务：安装服务满意"
10307,100011323840,5,"2020-06-16 08:43:35",用下来感觉不错，至少比原先那个能率牌烧半小时就要重新开一次好多了。
10308,100011323840,5,"2020-03-13 11:35:21",外形外观：颜值不错?，期待效果，金色效果不错
10309,100011323840,5,"2020-06-20 12:00:26",安装师傅到位，服务体验佳，送货快
10310,100011323840,5,"2020-06-04 10:04:39",安装服务：安装服务员，态度友好，服务周到，效率高。
10311,100011323840,5,"2020-06-02 11:05:41",不错，安装速度快小哥服务好，走的时候还把卫生搞了。美的售后不错?
10312,100011323840,5,"2020-03-24 16:47:30",物流速度快，昨天下单今天到，明天安装，期待效果。
10313,100011323840,5,"2020-06-18 22:00:17",物流神速，包装完好，使用情况有待后续验证，因为房刚刚开始装修，安装尚需时日。
10314,100011323840,5,"2020-06-18 18:12:47",己收货，包装完整，还未安装。期待好用。
10315,100011323840,5,"2020-07-02 21:46:52",目前使用还算正常，但是目前仍然没搞清楚水量调节在哪里。。。还行吧
10316,100011323840,5,"2020-06-25 06:28:09",送货速度快，安装到位，还没使用满分好评
10317,100011323840,5,"2020-06-29 22:21:47",外观看起来还可以，简单大方，东西还未使用，不知道具体情况如何，安装师傅态度挺好的，送货也比较快，
10318,100011323840,5,"2020-06-18 15:18:04","外形外观：大屏幕，操作简单
恒温效果：目前使用没问题
噪音大小：可接受范围"
10319,100011323840,5,"2020-06-05 13:26:13","外形外观：外观完好
安装服务：安装及时，安装满意"
10320,100011323840,5,"2020-06-29 21:10:43",这款关注了几个月了，和其他品牌也对比过，决定买了这款。外观好看，恒温效果好，出热水快。还就是安装服务很到位。618有优惠买的。京东自营店买东西就是优惠多多。希望京东自营店的商品一直是老百姓大众的好品质。发货也快
10321,100011323840,5,"2020-05-14 21:13:44",送货神速。安装师傅也挺负责，服务挺好
10322,100011323840,5,"2020-04-16 15:18:23",外观漂亮，声音较小，安装满意
10323,100011323840,5,"2020-04-19 09:12:09","外形外观：大气
恒温效果：很好
噪音大小：有点大
出水速度：快速
安装服务：一般
耗能情况：还行"
10324,100011323840,5,"2020-07-03 15:57:31",安装服务：安装完毕，服务挺好的，收费透明
10325,100011323840,5,"2020-03-21 11:13:36",暂评5?，昨天货物已经收到，还没预约安装！物流小哥态度好！等安装后在来评价热水器质量！
10326,100011323840,5,"2020-06-02 14:30:37",零冷水还可以，烧水时候声音有点大，颜值很高。
10327,100011323840,5,"2020-04-27 16:21:13",热水器不错，确实零冷水
10328,100011323840,5,"2020-06-07 12:04:15",京东购物好，到货快，安装师傅态度好！
10329,100011323840,5,"2020-06-06 12:51:10","产品应该还可以，安装服务不咋的，要自己走水走气，哎。自己花钱装了
安装服务：差！"
10330,100011323840,5,"2020-04-25 14:08:55","外形外观：好！
恒温效果：不错！
噪音大小：噪音小！
出水速度：出水速度快！
安装服务：安装服务好！
耗能情况：耗能小！"
10331,100011323840,5,"2020-04-26 11:52:49","外形外观：挺好看
安装服务：服务到位，说明细致"
10332,100011323840,5,"2020-06-02 16:19:11","外形外观：完整，可以
安装服务：良好"
10333,100011323840,5,"2020-06-07 16:42:59","外形外观：简洁干净
恒温效果：不错
噪音大小：有点大
出水速度：还行
安装服务：非常好
耗能情况：还没试过"
10334,100011323840,5,"2020-06-21 21:15:29",安装完美，安装速度快服务好
10335,100011323840,5,"2020-06-20 17:15:21","安装服务：安装很专业
恒温效果：还没通燃气，应该可以，第二次购买了。
耗能情况：应该可以"
10336,100011323840,5,"2020-06-15 14:21:35",请各位自行对比，嗯好评
10337,100011323840,5,"2020-05-12 19:52:21",使用了，不错，安装师傅也很认真，不错不错不错不错不错不错不错！
10338,100011323840,5,"2020-04-30 13:20:14",安装服务：服务挺好的，着装统一，收费透明
10339,100011323840,4,"2020-07-05 07:44:07",暂时还没有安装，相信品牌的的效果，后期待安装好之后再来评价
10340,100011323840,5,"2020-04-09 22:02:59",现在暂时不安装，感觉比以前的重很多，相信美的，以后追评
10341,100011323840,5,"2020-06-21 17:25:07",安装服务快，服务态度好，赞
10342,100011323840,5,"2020-06-29 09:36:41","外形外观：美观大气
安装服务：服务满意，细心
恒温效果：恒温效果好
噪音大小：噪音小
出水速度：出水速度快
耗能情况：耗能低"
10343,100011323840,5,"2020-06-07 19:58:18",安装服务：师傅辛苦了，安装回水阀消耗时间比较久，谢谢???
10344,100011323840,5,"2020-06-08 12:22:09",东西挺不错的，第二天送到，第三天就装好了，师傅也挺耐心
10345,100011323840,5,"2020-06-07 12:09:49",挂机完成，安装及时，比较满意。
10346,100011323840,5,"2020-06-29 17:29:36",送货快，价格便宜，还没装修完没装
10347,100011323840,5,"2020-05-02 21:09:02","外形外观：外形漂亮，挺满意的。
噪音大小：呜呜的声音，排气，噪音"
10348,100011323840,5,"2020-05-19 19:58:22",安装按时上门，服务周到
10349,100011323840,5,"2020-06-22 23:09:23","整体感觉不错  挺省水的"
10350,100011323840,5,"2020-06-23 13:12:17",师傅安装及时，安装满意。
10351,100011323840,5,"2020-06-07 12:39:15",货已收到，安装满意！专业！
10352,100011323840,5,"2020-04-12 11:15:50",安装好，产品看起来不错
10353,100011323840,5,"2020-06-26 10:39:35",上门安装快，服务态度好
10354,100011323840,5,"2020-06-21 19:32:32",师傅安装精确，服务到位。
10355,100011323840,5,"2020-06-03 00:45:36",6/1拍的6/2就到货了神速，比商场买都送货快，箱子没打开外边完好无损，柜子没打好没安装不知道用起来如何。
10356,100011323840,5,"2020-06-03 07:39:27",经济实惠，棒棒哒，推荐！已经第二次买了，三个家一家一个！
10357,100011323840,5,"2020-06-27 19:28:43",买了很多美的的厨卫家电产品，抢购的，还是便宜一点。售后服务好，安装到位，提前联系，及时沟通，回访及时，让客户满意?
10358,100011323840,5,"2020-04-28 11:40:42",热水来得特别快，使用方便，都是智能的
